date,station,entries,exits,fare_collected
2025-01-01,Washermanpet,5256,5266,112482.9
2025-01-01,Chennai Central,20872,19481,489696.42
2025-01-01,Government Estate,3641,3907,79336.93
2025-01-01,Thousand Lights,7423,8139,159812.48
2025-01-01,Teynampet,8158,8283,260377.42
2025-01-01,Saidapet,8830,8305,280756.39
2025-01-01,Guindy,14540,14580,475425.93
2025-01-01,Alandur,17780,18323,782579.65
2025-01-01,Airport,11208,11860,501588.05
2025-01-01,Egmore,12895,13917,287670.61
2025-01-01,Nehru Park,5548,5555,129287.21
2025-01-01,CMBT,16103,17172,497124.99
2025-01-01,Koyambedu,10200,10612,320703.2
2025-01-01,Arumbakkam,6029,6315,188383.85
2025-01-01,Vadapalani,10827,11061,343672.71
2025-01-01,Ashok Nagar,6988,7550,304784.21
2025-01-01,Ekkattuthangal,4630,4765,218348.71
2025-01-01,St Thomas Mount,7086,6800,315537.48
2025-01-02,Washermanpet,5168,5188,114199.17
2025-01-02,Chennai Central,18531,19570,401257.24
2025-01-02,Government Estate,3975,3635,87259.04
2025-01-02,Thousand Lights,7981,6835,158673.35
2025-01-02,Teynampet,6867,6877,224314.81
2025-01-02,Saidapet,8860,9194,277620.53
2025-01-02,Guindy,11483,11729,350600.74
2025-01-02,Alandur,15213,16146,649045.15
2025-01-02,Airport,11191,11002,478396.17
2025-01-02,Egmore,11734,11958,270081.68
2025-01-02,Nehru Park,6093,5552,130074.59
2025-01-02,CMBT,15277,15213,472639.06
2025-01-02,Koyambedu,10204,9972,321094.14
2025-01-02,Arumbakkam,6627,6656,198192.49
2025-01-02,Vadapalani,9096,10025,290111.58
2025-01-02,Ashok Nagar,7474,7786,324829.01
2025-01-02,Ekkattuthangal,4488,4325,207098.07
2025-01-02,St Thomas Mount,6352,6302,284388.11
2025-01-03,Washermanpet,4180,4468,94257.13
2025-01-03,Chennai Central,22311,21905,493631.84
2025-01-03,Government Estate,3960,3568,90050.74
2025-01-03,Thousand Lights,8893,8555,197102.11
2025-01-03,Teynampet,6961,7266,217427.75
2025-01-03,Saidapet,8028,8292,248665.1
2025-01-03,Guindy,10927,10830,371871.5
2025-01-03,Alandur,18029,18148,796341.43
2025-01-03,Airport,10931,10801,467783.74
2025-01-03,Egmore,15258,15706,332929.87
2025-01-03,Nehru Park,4634,4476,102299.48
2025-01-03,CMBT,15703,15353,527556.17
2025-01-03,Koyambedu,9672,9722,314101.75
2025-01-03,Arumbakkam,6077,6434,194885.62
2025-01-03,Vadapalani,9063,8592,298938.9
2025-01-03,Ashok Nagar,5421,5478,229231.29
2025-01-03,Ekkattuthangal,5117,5575,223953.15
2025-01-03,St Thomas Mount,7245,7429,335896.79
2025-01-04,Washermanpet,3050,3055,66242.03
2025-01-04,Chennai Central,14621,15653,317280.06
2025-01-04,Government Estate,2906,3194,65948.92
2025-01-04,Thousand Lights,5132,4899,107269.49
2025-01-04,Teynampet,4670,4486,138394.32
2025-01-04,Saidapet,5642,6023,182237.59
2025-01-04,Guindy,7750,7415,243546.12
2025-01-04,Alandur,10649,10606,463457.1
2025-01-04,Airport,6614,6212,299629.3
2025-01-04,Egmore,7181,7776,150853.49
2025-01-04,Nehru Park,3184,2818,71426.4
2025-01-04,CMBT,10742,10276,332079.18
2025-01-04,Koyambedu,6835,6557,223589.58
2025-01-04,Arumbakkam,3773,3575,119428.89
2025-01-04,Vadapalani,7085,6864,224065.03
2025-01-04,Ashok Nagar,3940,3875,173982.64
2025-01-04,Ekkattuthangal,2744,2630,124056.83
2025-01-04,St Thomas Mount,3827,3852,164989.08
2025-01-05,Washermanpet,2735,2912,59209.85
2025-01-05,Chennai Central,14595,15649,325062.1
2025-01-05,Government Estate,2131,2127,47451.59
2025-01-05,Thousand Lights,4856,5042,108962.49
2025-01-05,Teynampet,4275,3868,140591.19
2025-01-05,Saidapet,5600,6209,169421.7
2025-01-05,Guindy,9118,8893,291847.01
2025-01-05,Alandur,11584,11963,505908.76
2025-01-05,Airport,6892,6824,312452.61
2025-01-05,Egmore,8909,9033,191981.62
2025-01-05,Nehru Park,3263,3119,72784.55
2025-01-05,CMBT,9576,9639,302040.26
2025-01-05,Koyambedu,6576,6138,213965.9
2025-01-05,Arumbakkam,3801,3920,123157.64
2025-01-05,Vadapalani,4966,5146,165529.02
2025-01-05,Ashok Nagar,4896,4817,222177.75
2025-01-05,Ekkattuthangal,2680,2684,117782.47
2025-01-05,St Thomas Mount,4459,4896,192888.73
2025-01-06,Washermanpet,4976,5195,109218.04
2025-01-06,Chennai Central,20778,21371,461468.16
2025-01-06,Government Estate,3920,4169,83699.57
2025-01-06,Thousand Lights,8317,8300,187476.55
2025-01-06,Teynampet,7963,7911,239219.85
2025-01-06,Saidapet,8095,8426,259210.61
2025-01-06,Guindy,12762,12150,398402.63
2025-01-06,Alandur,14766,13944,639585.87
2025-01-06,Airport,10892,11600,482936.28
2025-01-06,Egmore,14310,13806,320670.69
2025-01-06,Nehru Park,5644,5594,126196.63
2025-01-06,CMBT,14885,14886,495954.28
2025-01-06,Koyambedu,9963,9949,338681.49
2025-01-06,Arumbakkam,6487,6610,202166.3
2025-01-06,Vadapalani,10170,10382,306223.54
2025-01-06,Ashok Nagar,5951,6071,257119.13
2025-01-06,Ekkattuthangal,4600,4401,204601.17
2025-01-06,St Thomas Mount,5843,5875,255315.55
2025-01-07,Washermanpet,5715,5678,126068.65
2025-01-07,Chennai Central,24796,25028,541245.43
2025-01-07,Government Estate,3434,3480,70303.99
2025-01-07,Thousand Lights,8540,8940,186322.22
2025-01-07,Teynampet,7115,7241,225255.76
2025-01-07,Saidapet,8189,8443,264505.68
2025-01-07,Guindy,10525,10893,321651.06
2025-01-07,Alandur,15330,15298,688040.98
2025-01-07,Airport,11896,11602,510750.85
2025-01-07,Egmore,13551,13127,306682.22
2025-01-07,Nehru Park,5398,5167,118231.77
2025-01-07,CMBT,15105,15931,486061.72
2025-01-07,Koyambedu,9213,9506,295996.52
2025-01-07,Arumbakkam,5738,5579,181275.06
2025-01-07,Vadapalani,9796,9394,318400.88
2025-01-07,Ashok Nagar,6302,6327,285766.89
2025-01-07,Ekkattuthangal,4770,5170,213950.24
2025-01-07,St Thomas Mount,7164,7510,317368.64
2025-01-08,Washermanpet,5644,5719,122913.42
2025-01-08,Chennai Central,25711,26272,569779.22
2025-01-08,Government Estate,3556,3557,78472.83
2025-01-08,Thousand Lights,9091,9373,200438.57
2025-01-08,Teynampet,7851,7483,242859.33
2025-01-08,Saidapet,8434,9111,275344.26
2025-01-08,Guindy,13831,14392,454750.0
2025-01-08,Alandur,20632,21100,912722.41
2025-01-08,Airport,11076,11291,472089.01
2025-01-08,Egmore,15040,14574,338333.39
2025-01-08,Nehru Park,6423,6512,140545.23
2025-01-08,CMBT,13636,12947,426813.46
2025-01-08,Koyambedu,10169,10039,312101.49
2025-01-08,Arumbakkam,6391,6394,207791.31
2025-01-08,Vadapalani,7763,8118,246095.24
2025-01-08,Ashok Nagar,5947,5946,271849.51
2025-01-08,Ekkattuthangal,4673,4387,207357.01
2025-01-08,St Thomas Mount,6588,7114,284072.03
2025-01-09,Washermanpet,5134,4834,115463.88
2025-01-09,Chennai Central,24252,25508,534661.68
2025-01-09,Government Estate,4357,4636,94321.54
2025-01-09,Thousand Lights,7562,7653,165724.47
2025-01-09,Teynampet,8209,8099,266406.85
2025-01-09,Saidapet,9066,8873,295449.6
2025-01-09,Guindy,13335,13395,421384.73
2025-01-09,Alandur,16903,17290,765837.42
2025-01-09,Airport,11419,11751,508767.74
2025-01-09,Egmore,13966,14802,295341.34
2025-01-09,Nehru Park,6021,6008,127990.27
2025-01-09,CMBT,13677,12880,430812.34
2025-01-09,Koyambedu,12913,12188,439858.65
2025-01-09,Arumbakkam,5190,5144,162502.91
2025-01-09,Vadapalani,10610,11393,331698.31
2025-01-09,Ashok Nagar,7437,7023,323195.78
2025-01-09,Ekkattuthangal,3651,3561,152270.76
2025-01-09,St Thomas Mount,6679,6848,286532.57
2025-01-10,Washermanpet,4889,4669,106368.98
2025-01-10,Chennai Central,23147,22390,509364.74
2025-01-10,Government Estate,3668,3611,80480.81
2025-01-10,Thousand Lights,7868,8444,173214.63
2025-01-10,Teynampet,7270,7376,234811.03
2025-01-10,Saidapet,8106,7599,258220.34
2025-01-10,Guindy,14468,14423,480592.46
2025-01-10,Alandur,17698,19093,793362.55
2025-01-10,Airport,10981,11604,463645.28
2025-01-10,Egmore,14341,14628,302786.12
2025-01-10,Nehru Park,5649,5363,123952.73
2025-01-10,CMBT,14519,13793,466397.28
2025-01-10,Koyambedu,12188,11962,390010.08
2025-01-10,Arumbakkam,6042,5772,185081.49
2025-01-10,Vadapalani,11106,11098,353205.83
2025-01-10,Ashok Nagar,7371,6861,310468.98
2025-01-10,Ekkattuthangal,4363,4618,194285.96
2025-01-10,St Thomas Mount,7272,7379,308571.01
2025-01-11,Washermanpet,3467,3741,73635.39
2025-01-11,Chennai Central,12091,12471,276015.7
2025-01-11,Government Estate,2466,2633,52495.82
2025-01-11,Thousand Lights,5831,5603,132330.51
2025-01-11,Teynampet,5083,5313,158951.24
2025-01-11,Saidapet,5784,6283,175384.81
2025-01-11,Guindy,9396,9298,321481.63
2025-01-11,Alandur,11160,11706,508942.39
2025-01-11,Airport,6689,6970,284566.13
2025-01-11,Egmore,8339,8358,181748.52
2025-01-11,Nehru Park,3759,3660,81550.53
2025-01-11,CMBT,10730,11210,354442.4
2025-01-11,Koyambedu,6748,7236,223798.75
2025-01-11,Arumbakkam,3960,4300,133039.28
2025-01-11,Vadapalani,6140,6240,196279.0
2025-01-11,Ashok Nagar,4184,4189,187292.74
2025-01-11,Ekkattuthangal,2734,2648,115267.13
2025-01-11,St Thomas Mount,3587,3494,157809.89
2025-01-12,Washermanpet,3666,3792,80804.96
2025-01-12,Chennai Central,11977,12003,271550.61
2025-01-12,Government Estate,2386,2181,53279.14
2025-01-12,Thousand Lights,4598,4440,95224.54
2025-01-12,Teynampet,5259,5536,166758.14
2025-01-12,Saidapet,6016,5652,198592.23
2025-01-12,Guindy,7583,7517,241163.78
2025-01-12,Alandur,11722,11151,534036.63
2025-01-12,Airport,7695,7953,324396.82
2025-01-12,Egmore,10343,10068,225795.91
2025-01-12,Nehru Park,3341,3390,69855.23
2025-01-12,CMBT,10555,10270,344039.88
2025-01-12,Koyambedu,7341,7440,236354.4
2025-01-12,Arumbakkam,3706,3639,119798.43
2025-01-12,Vadapalani,6384,7037,206641.68
2025-01-12,Ashok Nagar,4467,4605,191661.11
2025-01-12,Ekkattuthangal,2685,2658,117348.92
2025-01-12,St Thomas Mount,3994,3784,177095.61
2025-01-13,Washermanpet,4762,4878,104096.26
2025-01-13,Chennai Central,22969,23174,477422.94
2025-01-13,Government Estate,3653,3459,85440.04
2025-01-13,Thousand Lights,6597,7086,134908.87
2025-01-13,Teynampet,8839,9066,282388.04
2025-01-13,Saidapet,8276,8128,254248.75
2025-01-13,Guindy,14490,14201,469743.62
2025-01-13,Alandur,17101,17609,779995.03
2025-01-13,Airport,11420,10640,493366.45
2025-01-13,Egmore,12611,12559,280147.72
2025-01-13,Nehru Park,5641,6130,128927.77
2025-01-13,CMBT,16902,16226,549889.46
2025-01-13,Koyambedu,10960,11448,355760.06
2025-01-13,Arumbakkam,7261,7583,239502.12
2025-01-13,Vadapalani,11385,10402,360450.14
2025-01-13,Ashok Nagar,6312,6073,275160.69
2025-01-13,Ekkattuthangal,4962,5258,222524.08
2025-01-13,St Thomas Mount,7898,7526,343331.67
2025-01-14,Washermanpet,5256,5036,113496.45
2025-01-14,Chennai Central,26092,25498,570459.56
2025-01-14,Government Estate,3339,3188,72057.1
2025-01-14,Thousand Lights,6484,6548,151192.55
2025-01-14,Teynampet,7230,6909,233313.55
2025-01-14,Saidapet,7962,7441,242642.51
2025-01-14,Guindy,13249,13978,422975.96
2025-01-14,Alandur,15147,14668,664855.21
2025-01-14,Airport,13238,14061,607816.1
2025-01-14,Egmore,15861,15529,357642.07
2025-01-14,Nehru Park,5869,5996,125993.71
2025-01-14,CMBT,17370,18563,576427.4
2025-01-14,Koyambedu,12191,10750,387261.53
2025-01-14,Arumbakkam,6170,6133,198488.82
2025-01-14,Vadapalani,10908,10871,344583.6
2025-01-14,Ashok Nagar,7815,7733,354519.35
2025-01-14,Ekkattuthangal,4976,5077,210623.96
2025-01-14,St Thomas Mount,6383,6722,292291.53
2025-01-15,Washermanpet,5849,5910,137006.71
2025-01-15,Chennai Central,23071,22612,527479.61
2025-01-15,Government Estate,3442,3516,78515.33
2025-01-15,Thousand Lights,7854,7956,178609.49
2025-01-15,Teynampet,6581,7117,216170.03
2025-01-15,Saidapet,7940,7777,261591.52
2025-01-15,Guindy,13130,12392,433960.5
2025-01-15,Alandur,17010,17311,705079.26
2025-01-15,Airport,13409,13484,564331.47
2025-01-15,Egmore,12613,12325,286800.74
2025-01-15,Nehru Park,6190,5755,132717.94
2025-01-15,CMBT,16803,16933,543054.47
2025-01-15,Koyambedu,11962,12004,380667.8
2025-01-15,Arumbakkam,6066,6188,202958.84
2025-01-15,Vadapalani,9329,9572,297519.12
2025-01-15,Ashok Nagar,7415,7824,342602.65
2025-01-15,Ekkattuthangal,3979,4040,182182.2
2025-01-15,St Thomas Mount,5869,5916,255013.68
2025-01-16,Washermanpet,5442,5701,116971.25
2025-01-16,Chennai Central,21075,19789,458179.22
2025-01-16,Government Estate,3791,3991,83729.42
2025-01-16,Thousand Lights,7548,7593,163198.96
2025-01-16,Teynampet,6693,7148,208520.82
2025-01-16,Saidapet,7950,7857,249225.11
2025-01-16,Guindy,14838,14881,489910.71
2025-01-16,Alandur,15881,16152,729197.68
2025-01-16,Airport,11210,11752,493374.58
2025-01-16,Egmore,15278,15218,333975.65
2025-01-16,Nehru Park,5474,5381,113405.38
2025-01-16,CMBT,14578,14876,461256.04
2025-01-16,Koyambedu,11900,12453,390663.27
2025-01-16,Arumbakkam,4756,4830,158528.25
2025-01-16,Vadapalani,9757,9470,328604.76
2025-01-16,Ashok Nagar,5853,6248,259064.48
2025-01-16,Ekkattuthangal,4667,4963,196913.5
2025-01-16,St Thomas Mount,7065,6992,302595.36
2025-01-17,Washermanpet,5325,5060,113529.64
2025-01-17,Chennai Central,23145,22926,515234.04
2025-01-17,Government Estate,3602,3531,79076.0
2025-01-17,Thousand Lights,7875,7806,164942.21
2025-01-17,Teynampet,7046,6775,229950.41
2025-01-17,Saidapet,8788,9467,271094.99
2025-01-17,Guindy,12405,12161,401297.19
2025-01-17,Alandur,18228,18179,819563.56
2025-01-17,Airport,10828,10241,478637.46
2025-01-17,Egmore,13274,13317,313785.6
2025-01-17,Nehru Park,5523,5783,120052.09
2025-01-17,CMBT,18079,17971,586970.74
2025-01-17,Koyambedu,9777,9626,322487.1
2025-01-17,Arumbakkam,5803,6116,190957.12
2025-01-17,Vadapalani,8972,9234,291784.22
2025-01-17,Ashok Nagar,5930,5632,266965.16
2025-01-17,Ekkattuthangal,4412,4801,199715.59
2025-01-17,St Thomas Mount,6467,6425,270593.52
2025-01-18,Washermanpet,3119,3110,67571.1
2025-01-18,Chennai Central,9264,10013,194662.34
2025-01-18,Government Estate,2288,2193,51928.99
2025-01-18,Thousand Lights,5179,5224,115589.01
2025-01-18,Teynampet,4116,4164,132621.6
2025-01-18,Saidapet,5692,5775,177678.92
2025-01-18,Guindy,7572,7745,245802.64
2025-01-18,Alandur,11642,10613,524462.41
2025-01-18,Airport,6878,6761,319543.13
2025-01-18,Egmore,9872,10114,221517.34
2025-01-18,Nehru Park,3926,3881,84719.7
2025-01-18,CMBT,10017,9353,329980.92
2025-01-18,Koyambedu,6438,6386,198549.84
2025-01-18,Arumbakkam,3411,3477,114200.21
2025-01-18,Vadapalani,5016,4838,154518.21
2025-01-18,Ashok Nagar,4730,5160,216800.62
2025-01-18,Ekkattuthangal,3025,3021,128115.06
2025-01-18,St Thomas Mount,3983,4036,172648.15
2025-01-19,Washermanpet,3510,3522,76893.94
2025-01-19,Chennai Central,15206,14390,332874.42
2025-01-19,Government Estate,2356,2180,52117.26
2025-01-19,Thousand Lights,5743,5992,124530.37
2025-01-19,Teynampet,4413,4546,133280.39
2025-01-19,Saidapet,5025,5303,160736.51
2025-01-19,Guindy,7415,8004,231352.75
2025-01-19,Alandur,10343,10252,452914.5
2025-01-19,Airport,8210,8718,361906.07
2025-01-19,Egmore,7501,7705,168158.15
2025-01-19,Nehru Park,3577,3597,77854.58
2025-01-19,CMBT,10297,10156,331408.02
2025-01-19,Koyambedu,7697,7845,249415.82
2025-01-19,Arumbakkam,3455,3413,110729.06
2025-01-19,Vadapalani,5535,5434,178879.11
2025-01-19,Ashok Nagar,4403,4272,183496.5
2025-01-19,Ekkattuthangal,2605,2507,108851.78
2025-01-19,St Thomas Mount,4306,4163,186290.49
2025-01-20,Washermanpet,5449,5582,117981.08
2025-01-20,Chennai Central,22974,23584,495143.31
2025-01-20,Government Estate,3423,3305,74857.39
2025-01-20,Thousand Lights,8096,7340,182101.84
2025-01-20,Teynampet,7059,6907,234886.91
2025-01-20,Saidapet,10318,9419,308947.0
2025-01-20,Guindy,14513,15267,457812.26
2025-01-20,Alandur,20258,20256,841113.51
2025-01-20,Airport,11453,12003,530617.83
2025-01-20,Egmore,13284,13249,291536.93
2025-01-20,Nehru Park,4672,5249,102558.7
2025-01-20,CMBT,14968,16050,461096.64
2025-01-20,Koyambedu,10012,10370,332194.8
2025-01-20,Arumbakkam,5112,5004,167797.08
2025-01-20,Vadapalani,9035,9763,294828.21
2025-01-20,Ashok Nagar,7713,7023,343467.05
2025-01-20,Ekkattuthangal,4871,4661,208346.07
2025-01-20,St Thomas Mount,6138,6209,255310.01
2025-01-21,Washermanpet,5247,5145,111573.85
2025-01-21,Chennai Central,24009,24009,508769.49
2025-01-21,Government Estate,3419,3576,70882.19
2025-01-21,Thousand Lights,6963,6798,154727.19
2025-01-21,Teynampet,7622,7897,259163.04
2025-01-21,Saidapet,9667,9838,302870.49
2025-01-21,Guindy,13151,13171,436404.13
2025-01-21,Alandur,15218,15425,669086.45
2025-01-21,Airport,12607,12704,555152.88
2025-01-21,Egmore,13827,14624,298984.96
2025-01-21,Nehru Park,4782,4629,108414.96
2025-01-21,CMBT,17482,17424,565749.55
2025-01-21,Koyambedu,11205,10567,341382.65
2025-01-21,Arumbakkam,5961,6611,194471.09
2025-01-21,Vadapalani,9272,9640,298861.69
2025-01-21,Ashok Nagar,7728,7577,344117.33
2025-01-21,Ekkattuthangal,5026,4516,218645.84
2025-01-21,St Thomas Mount,7246,7181,348377.13
2025-01-22,Washermanpet,4008,4086,87216.61
2025-01-22,Chennai Central,23325,23878,489078.34
2025-01-22,Government Estate,3993,3939,87240.88
2025-01-22,Thousand Lights,8633,8461,195138.85
2025-01-22,Teynampet,7260,7190,240343.14
2025-01-22,Saidapet,9010,8641,280176.3
2025-01-22,Guindy,13758,13080,432604.87
2025-01-22,Alandur,16834,16841,727047.19
2025-01-22,Airport,9947,10014,439982.77
2025-01-22,Egmore,13749,14532,292280.99
2025-01-22,Nehru Park,6147,6466,135111.42
2025-01-22,CMBT,18103,17675,582071.19
2025-01-22,Koyambedu,11138,11424,373157.97
2025-01-22,Arumbakkam,6026,5814,185352.96
2025-01-22,Vadapalani,10461,10159,328249.05
2025-01-22,Ashok Nagar,7350,7277,319084.05
2025-01-22,Ekkattuthangal,4870,5186,209375.18
2025-01-22,St Thomas Mount,6945,7078,293316.65
2025-01-23,Washermanpet,4723,4738,104447.64
2025-01-23,Chennai Central,23388,23839,519602.67
2025-01-23,Government Estate,3258,3040,77142.65
2025-01-23,Thousand Lights,8644,8880,192764.59
2025-01-23,Teynampet,7263,7762,232542.29
2025-01-23,Saidapet,8980,9334,296999.66
2025-01-23,Guindy,12963,14158,391418.28
2025-01-23,Alandur,15747,16804,686862.21
2025-01-23,Airport,10680,10628,465506.49
2025-01-23,Egmore,11462,11906,243726.23
2025-01-23,Nehru Park,5385,5731,113668.57
2025-01-23,CMBT,17405,18349,547966.26
2025-01-23,Koyambedu,10392,9811,331592.88
2025-01-23,Arumbakkam,5435,5319,175466.07
2025-01-23,Vadapalani,9549,9772,323506.48
2025-01-23,Ashok Nagar,6955,7126,319943.42
2025-01-23,Ekkattuthangal,5169,4895,212360.13
2025-01-23,St Thomas Mount,5962,6494,260728.22
2025-01-24,Washermanpet,5641,5348,117299.37
2025-01-24,Chennai Central,17900,17173,387807.5
2025-01-24,Government Estate,3623,3755,78887.82
2025-01-24,Thousand Lights,7364,7418,161098.37
2025-01-24,Teynampet,7864,7124,243133.83
2025-01-24,Saidapet,8605,7567,275645.03
2025-01-24,Guindy,12967,12680,409559.29
2025-01-24,Alandur,17398,17642,782148.39
2025-01-24,Airport,10564,11748,457154.61
2025-01-24,Egmore,14117,14629,328700.9
2025-01-24,Nehru Park,5291,5540,113899.82
2025-01-24,CMBT,17888,16876,560304.34
2025-01-24,Koyambedu,10456,9940,322442.29
2025-01-24,Arumbakkam,6090,6201,190503.45
2025-01-24,Vadapalani,9603,9883,305072.3
2025-01-24,Ashok Nagar,7099,6479,315504.21
2025-01-24,Ekkattuthangal,4131,4030,177301.01
2025-01-24,St Thomas Mount,6038,5693,272105.81
2025-01-25,Washermanpet,2669,2565,58174.23
2025-01-25,Chennai Central,13985,14603,315454.36
2025-01-25,Government Estate,2075,2080,44825.28
2025-01-25,Thousand Lights,4839,4927,104876.89
2025-01-25,Teynampet,4020,4052,118335.95
2025-01-25,Saidapet,5999,6147,191635.19
2025-01-25,Guindy,7591,7483,246124.25
2025-01-25,Alandur,11671,11886,495692.12
2025-01-25,Airport,8268,8141,376911.06
2025-01-25,Egmore,9128,9714,205512.66
2025-01-25,Nehru Park,3702,3872,82231.38
2025-01-25,CMBT,10246,11347,311680.51
2025-01-25,Koyambedu,6606,6483,213285.82
2025-01-25,Arumbakkam,3677,3444,115262.57
2025-01-25,Vadapalani,6528,6322,204734.52
2025-01-25,Ashok Nagar,4797,4901,198387.47
2025-01-25,Ekkattuthangal,2727,2712,115774.56
2025-01-25,St Thomas Mount,3574,3562,159162.64
2025-01-26,Washermanpet,2722,2680,60912.01
2025-01-26,Chennai Central,11578,10234,253437.0
2025-01-26,Government Estate,2687,2683,58778.24
2025-01-26,Thousand Lights,4828,4447,108064.39
2025-01-26,Teynampet,4556,4616,148668.32
2025-01-26,Saidapet,5138,4934,163320.46
2025-01-26,Guindy,8038,8289,251494.84
2025-01-26,Alandur,11420,11395,500783.11
2025-01-26,Airport,7292,7185,318578.0
2025-01-26,Egmore,9726,9528,221495.3
2025-01-26,Nehru Park,3239,3067,69817.6
2025-01-26,CMBT,9214,9251,295489.47
2025-01-26,Koyambedu,5996,6281,187225.15
2025-01-26,Arumbakkam,4154,4335,123788.66
2025-01-26,Vadapalani,5676,5919,178207.97
2025-01-26,Ashok Nagar,4436,4479,200115.44
2025-01-26,Ekkattuthangal,3181,2964,138857.36
2025-01-26,St Thomas Mount,4076,3955,167718.21
2025-01-27,Washermanpet,4657,4908,101639.47
2025-01-27,Chennai Central,20443,21183,459011.61
2025-01-27,Government Estate,3477,3647,76402.92
2025-01-27,Thousand Lights,7863,7443,166260.4
2025-01-27,Teynampet,8057,7122,260237.42
2025-01-27,Saidapet,9538,9388,293879.17
2025-01-27,Guindy,11933,11047,371978.47
2025-01-27,Alandur,17284,18435,750017.23
2025-01-27,Airport,11147,10149,492803.93
2025-01-27,Egmore,15161,13977,352984.24
2025-01-27,Nehru Park,5942,6642,129252.33
2025-01-27,CMBT,17969,18951,584273.71
2025-01-27,Koyambedu,11050,10354,366345.27
2025-01-27,Arumbakkam,5682,6087,174087.51
2025-01-27,Vadapalani,9812,9844,300332.53
2025-01-27,Ashok Nagar,7293,7942,330850.18
2025-01-27,Ekkattuthangal,5040,4962,216846.99
2025-01-27,St Thomas Mount,6162,6036,277037.52
2025-01-28,Washermanpet,5710,5493,122251.49
2025-01-28,Chennai Central,22346,23309,480860.5
2025-01-28,Government Estate,3724,3956,76937.35
2025-01-28,Thousand Lights,7555,7017,161988.3
2025-01-28,Teynampet,8573,8368,271882.01
2025-01-28,Saidapet,9180,10233,292041.86
2025-01-28,Guindy,10973,10724,349773.06
2025-01-28,Alandur,18291,17456,801218.94
2025-01-28,Airport,11835,12392,553758.8
2025-01-28,Egmore,13211,13394,285780.31
2025-01-28,Nehru Park,5116,5271,108076.74
2025-01-28,CMBT,16742,16338,521872.47
2025-01-28,Koyambedu,10840,10979,348207.19
2025-01-28,Arumbakkam,5893,5873,173539.06
2025-01-28,Vadapalani,9045,8611,269777.41
2025-01-28,Ashok Nagar,5836,6172,248626.88
2025-01-28,Ekkattuthangal,4593,4790,193809.78
2025-01-28,St Thomas Mount,6383,6631,275242.51
2025-01-29,Washermanpet,5352,5334,119609.84
2025-01-29,Chennai Central,23636,22405,519573.74
2025-01-29,Government Estate,3916,4028,84551.45
2025-01-29,Thousand Lights,7914,7812,171068.98
2025-01-29,Teynampet,7166,7841,220840.5
2025-01-29,Saidapet,7034,7441,218924.25
2025-01-29,Guindy,13733,14382,438856.05
2025-01-29,Alandur,20053,18724,895374.67
2025-01-29,Airport,11652,12157,507419.5
2025-01-29,Egmore,15030,15440,319125.4
2025-01-29,Nehru Park,5066,5133,114099.21
2025-01-29,CMBT,17520,18485,564907.06
2025-01-29,Koyambedu,9535,10309,298301.09
2025-01-29,Arumbakkam,6310,6064,195988.17
2025-01-29,Vadapalani,10117,9344,327160.12
2025-01-29,Ashok Nagar,6031,6057,248955.37
2025-01-29,Ekkattuthangal,3918,4014,162661.21
2025-01-29,St Thomas Mount,6169,6183,283213.61
2025-01-30,Washermanpet,5260,5342,115731.27
2025-01-30,Chennai Central,21667,21971,462143.62
2025-01-30,Government Estate,4290,4026,91421.0
2025-01-30,Thousand Lights,6968,6705,152911.83
2025-01-30,Teynampet,7800,7244,244987.23
2025-01-30,Saidapet,7684,7451,239966.06
2025-01-30,Guindy,12164,11810,375706.39
2025-01-30,Alandur,15502,15238,710120.19
2025-01-30,Airport,10614,11643,498398.85
2025-01-30,Egmore,14018,14432,304924.03
2025-01-30,Nehru Park,5541,5633,130199.88
2025-01-30,CMBT,17079,18298,548698.06
2025-01-30,Koyambedu,11589,10411,370402.55
2025-01-30,Arumbakkam,5974,5794,190037.97
2025-01-30,Vadapalani,9414,9662,305086.49
2025-01-30,Ashok Nagar,7267,7216,319123.87
2025-01-30,Ekkattuthangal,5067,5096,223934.7
2025-01-30,St Thomas Mount,6506,6063,282283.35
2025-01-31,Washermanpet,4629,4828,102419.43
2025-01-31,Chennai Central,23334,22658,513499.24
2025-01-31,Government Estate,4098,4053,88855.23
2025-01-31,Thousand Lights,7492,7570,167642.92
2025-01-31,Teynampet,7108,6827,240639.3
2025-01-31,Saidapet,9543,9342,311399.03
2025-01-31,Guindy,14813,14710,468993.11
2025-01-31,Alandur,18202,17206,784114.12
2025-01-31,Airport,10981,11328,509513.66
2025-01-31,Egmore,16150,16453,348171.52
2025-01-31,Nehru Park,5649,5384,122136.28
2025-01-31,CMBT,14934,14404,465260.91
2025-01-31,Koyambedu,10718,10651,338909.97
2025-01-31,Arumbakkam,6109,6301,187240.92
2025-01-31,Vadapalani,10424,10784,333455.81
2025-01-31,Ashok Nagar,7494,8094,312208.82
2025-01-31,Ekkattuthangal,4482,4718,186085.97
2025-01-31,St Thomas Mount,6672,6387,285695.44
2025-02-01,Washermanpet,3484,3461,76838.15
2025-02-01,Chennai Central,16396,16543,355672.88
2025-02-01,Government Estate,2185,1933,48013.41
2025-02-01,Thousand Lights,5007,5123,106321.84
2025-02-01,Teynampet,5438,5668,178070.31
2025-02-01,Saidapet,5626,5427,175456.65
2025-02-01,Guindy,8474,8471,257227.08
2025-02-01,Alandur,10460,10115,481606.08
2025-02-01,Airport,6871,6995,315269.97
2025-02-01,Egmore,9371,8550,204502.91
2025-02-01,Nehru Park,3412,3190,74684.64
2025-02-01,CMBT,9617,9283,310296.11
2025-02-01,Koyambedu,7766,7571,243844.83
2025-02-01,Arumbakkam,3806,3884,119062.34
2025-02-01,Vadapalani,7493,7209,239636.59
2025-02-01,Ashok Nagar,4702,5068,212630.98
2025-02-01,Ekkattuthangal,2791,2756,119791.32
2025-02-01,St Thomas Mount,3267,3272,145426.52
2025-02-02,Washermanpet,3453,3329,77317.66
2025-02-02,Chennai Central,13435,14768,320769.26
2025-02-02,Government Estate,2422,2576,52456.48
2025-02-02,Thousand Lights,4837,4701,106823.86
2025-02-02,Teynampet,5556,5800,176652.72
2025-02-02,Saidapet,5834,6088,186526.37
2025-02-02,Guindy,8857,8035,282988.34
2025-02-02,Alandur,12008,12919,516176.17
2025-02-02,Airport,6857,6988,296696.07
2025-02-02,Egmore,9938,9568,209941.97
2025-02-02,Nehru Park,3619,3508,77859.11
2025-02-02,CMBT,9625,9237,293147.89
2025-02-02,Koyambedu,6990,6963,226925.64
2025-02-02,Arumbakkam,4164,3695,135556.68
2025-02-02,Vadapalani,6976,6222,235761.57
2025-02-02,Ashok Nagar,4225,4421,189033.93
2025-02-02,Ekkattuthangal,3399,3500,151709.91
2025-02-02,St Thomas Mount,3886,4181,176903.55
2025-02-03,Washermanpet,5619,5810,117558.01
2025-02-03,Chennai Central,25097,26471,530106.85
2025-02-03,Government Estate,3913,3884,87846.37
2025-02-03,Thousand Lights,9419,8877,208963.2
2025-02-03,Teynampet,8065,8017,257448.36
2025-02-03,Saidapet,10453,10016,331376.07
2025-02-03,Guindy,12775,11386,380570.06
2025-02-03,Alandur,18892,20444,836503.15
2025-02-03,Airport,13527,12614,594738.68
2025-02-03,Egmore,15455,15085,320171.16
2025-02-03,Nehru Park,6332,6118,142446.77
2025-02-03,CMBT,18541,20495,601341.05
2025-02-03,Koyambedu,11452,10705,367145.17
2025-02-03,Arumbakkam,6675,6847,195611.62
2025-02-03,Vadapalani,8788,8092,285104.77
2025-02-03,Ashok Nagar,7048,6543,306728.49
2025-02-03,Ekkattuthangal,4427,4483,195951.27
2025-02-03,St Thomas Mount,7364,6789,319994.57
2025-02-04,Washermanpet,5172,5253,112222.25
2025-02-04,Chennai Central,27184,27352,592958.61
2025-02-04,Government Estate,3403,3435,70260.1
2025-02-04,Thousand Lights,8367,8058,175906.27
2025-02-04,Teynampet,8147,8065,265257.24
2025-02-04,Saidapet,9474,9883,297272.67
2025-02-04,Guindy,16584,16523,545253.85
2025-02-04,Alandur,19275,20341,841989.01
2025-02-04,Airport,11979,11260,513160.34
2025-02-04,Egmore,14776,14049,315711.48
2025-02-04,Nehru Park,6462,6110,141753.42
2025-02-04,CMBT,14498,15207,468301.47
2025-02-04,Koyambedu,11202,11191,386149.44
2025-02-04,Arumbakkam,7187,7076,221954.67
2025-02-04,Vadapalani,11082,11831,348652.82
2025-02-04,Ashok Nagar,7315,7259,328333.04
2025-02-04,Ekkattuthangal,4909,4760,210035.65
2025-02-04,St Thomas Mount,6496,7091,288048.27
2025-02-05,Washermanpet,5924,6147,130846.85
2025-02-05,Chennai Central,23184,21979,525909.16
2025-02-05,Government Estate,4313,4315,93127.21
2025-02-05,Thousand Lights,7676,7655,167233.51
2025-02-05,Teynampet,7703,8075,247442.46
2025-02-05,Saidapet,9913,10298,312649.29
2025-02-05,Guindy,12963,12054,405708.94
2025-02-05,Alandur,17195,16106,763148.7
2025-02-05,Airport,12457,11473,546320.29
2025-02-05,Egmore,15017,14786,323611.03
2025-02-05,Nehru Park,5814,5901,128384.19
2025-02-05,CMBT,15615,14949,490965.23
2025-02-05,Koyambedu,10824,12097,351991.38
2025-02-05,Arumbakkam,7133,6332,226655.29
2025-02-05,Vadapalani,10050,10211,319939.82
2025-02-05,Ashok Nagar,7783,8463,321588.91
2025-02-05,Ekkattuthangal,4379,4434,185596.69
2025-02-05,St Thomas Mount,6947,5949,306816.34
2025-02-06,Washermanpet,5483,5481,114942.23
2025-02-06,Chennai Central,24818,25503,550046.78
2025-02-06,Government Estate,4093,3845,88086.11
2025-02-06,Thousand Lights,7950,7813,173167.33
2025-02-06,Teynampet,8276,7322,279341.94
2025-02-06,Saidapet,9544,9579,293969.14
2025-02-06,Guindy,13771,13106,424979.89
2025-02-06,Alandur,18108,18703,794138.9
2025-02-06,Airport,11998,12095,528697.64
2025-02-06,Egmore,15655,15477,350838.23
2025-02-06,Nehru Park,6500,6249,142112.93
2025-02-06,CMBT,17484,16369,566760.25
2025-02-06,Koyambedu,12268,12384,390769.97
2025-02-06,Arumbakkam,6474,6192,211418.41
2025-02-06,Vadapalani,10399,9463,338379.66
2025-02-06,Ashok Nagar,7832,8402,335545.15
2025-02-06,Ekkattuthangal,4687,4950,200991.34
2025-02-06,St Thomas Mount,6367,6329,287171.2
2025-02-07,Washermanpet,6216,6314,131298.05
2025-02-07,Chennai Central,22906,21863,484600.91
2025-02-07,Government Estate,4141,3814,87811.0
2025-02-07,Thousand Lights,8330,8180,180945.35
2025-02-07,Teynampet,8367,8800,263946.26
2025-02-07,Saidapet,9695,9253,312888.45
2025-02-07,Guindy,14245,13931,452242.55
2025-02-07,Alandur,18472,18649,854088.56
2025-02-07,Airport,14374,14393,645078.78
2025-02-07,Egmore,16226,16546,366042.26
2025-02-07,Nehru Park,4952,4923,110153.64
2025-02-07,CMBT,19684,18998,649786.73
2025-02-07,Koyambedu,11309,11360,363507.49
2025-02-07,Arumbakkam,6477,7498,212602.41
2025-02-07,Vadapalani,10786,11577,338696.29
2025-02-07,Ashok Nagar,7255,7389,315480.99
2025-02-07,Ekkattuthangal,5474,4859,232145.76
2025-02-07,St Thomas Mount,7621,7599,347726.67
2025-02-08,Washermanpet,3317,3353,76906.59
2025-02-08,Chennai Central,12754,12585,274463.77
2025-02-08,Government Estate,2307,2415,50681.03
2025-02-08,Thousand Lights,5084,4663,114563.51
2025-02-08,Teynampet,5189,5128,159321.48
2025-02-08,Saidapet,5289,4836,165434.22
2025-02-08,Guindy,7641,7932,244013.59
2025-02-08,Alandur,10482,11789,480855.44
2025-02-08,Airport,8018,7935,369179.78
2025-02-08,Egmore,9210,9608,194663.02
2025-02-08,Nehru Park,3357,2993,73884.76
2025-02-08,CMBT,9229,9594,291129.99
2025-02-08,Koyambedu,6879,6651,213297.92
2025-02-08,Arumbakkam,4288,4054,138189.72
2025-02-08,Vadapalani,6259,6336,193109.67
2025-02-08,Ashok Nagar,5332,5513,225690.65
2025-02-08,Ekkattuthangal,3230,3386,137770.24
2025-02-08,St Thomas Mount,4480,4344,204499.23
2025-02-09,Washermanpet,3537,3550,75457.33
2025-02-09,Chennai Central,13971,15279,284436.73
2025-02-09,Government Estate,2568,2502,58043.23
2025-02-09,Thousand Lights,5755,6254,122972.01
2025-02-09,Teynampet,4561,4622,139305.89
2025-02-09,Saidapet,4396,4601,138074.0
2025-02-09,Guindy,7462,7308,244792.7
2025-02-09,Alandur,12440,12870,550379.25
2025-02-09,Airport,6280,6419,281771.54
2025-02-09,Egmore,9198,9699,216708.25
2025-02-09,Nehru Park,3460,3642,73164.74
2025-02-09,CMBT,9980,9712,321857.68
2025-02-09,Koyambedu,7277,7746,237700.5
2025-02-09,Arumbakkam,4330,4258,141581.73
2025-02-09,Vadapalani,6761,6239,222032.99
2025-02-09,Ashok Nagar,4478,4377,191417.53
2025-02-09,Ekkattuthangal,2929,2772,132170.39
2025-02-09,St Thomas Mount,4489,4466,191045.62
2025-02-10,Washermanpet,5093,5065,110600.25
2025-02-10,Chennai Central,21401,23197,455042.81
2025-02-10,Government Estate,4041,3930,86151.51
2025-02-10,Thousand Lights,8176,7439,176490.85
2025-02-10,Teynampet,6121,6154,186236.96
2025-02-10,Saidapet,8493,7915,274802.94
2025-02-10,Guindy,16823,16904,552880.37
2025-02-10,Alandur,20470,20725,909718.99
2025-02-10,Airport,14540,15173,624500.0
2025-02-10,Egmore,11850,12321,251469.06
2025-02-10,Nehru Park,6839,7005,147503.5
2025-02-10,CMBT,14292,14902,471819.95
2025-02-10,Koyambedu,10889,11559,340372.97
2025-02-10,Arumbakkam,5364,5684,174933.68
2025-02-10,Vadapalani,10533,11548,345476.21
2025-02-10,Ashok Nagar,7128,6754,314713.57
2025-02-10,Ekkattuthangal,4990,4957,218756.46
2025-02-10,St Thomas Mount,6296,6881,287965.49
2025-02-11,Washermanpet,5680,5862,122984.98
2025-02-11,Chennai Central,28940,28156,665510.26
2025-02-11,Government Estate,4678,4503,98336.06
2025-02-11,Thousand Lights,8576,8820,192055.18
2025-02-11,Teynampet,6802,6721,213257.62
2025-02-11,Saidapet,9153,8106,282838.55
2025-02-11,Guindy,13197,13624,416302.56
2025-02-11,Alandur,19081,19173,811487.94
2025-02-11,Airport,11248,10681,487327.5
2025-02-11,Egmore,15623,16515,331290.57
2025-02-11,Nehru Park,6000,5691,130968.27
2025-02-11,CMBT,15725,15446,489059.49
2025-02-11,Koyambedu,10813,11860,334897.54
2025-02-11,Arumbakkam,6672,6828,210996.92
2025-02-11,Vadapalani,9566,9023,307497.46
2025-02-11,Ashok Nagar,7298,6534,311051.11
2025-02-11,Ekkattuthangal,4404,4289,197498.21
2025-02-11,St Thomas Mount,7455,8133,335486.99
2025-02-12,Washermanpet,5468,5527,116736.51
2025-02-12,Chennai Central,20837,21972,460434.52
2025-02-12,Government Estate,3591,3254,78703.22
2025-02-12,Thousand Lights,9287,9852,198540.52
2025-02-12,Teynampet,8311,7863,252240.42
2025-02-12,Saidapet,10370,9462,329968.52
2025-02-12,Guindy,12211,11866,387342.52
2025-02-12,Alandur,19161,18836,891852.3
2025-02-12,Airport,11500,10964,493663.29
2025-02-12,Egmore,15467,16453,347568.34
2025-02-12,Nehru Park,5389,5990,113047.73
2025-02-12,CMBT,18754,16835,619963.13
2025-02-12,Koyambedu,11615,11589,383579.6
2025-02-12,Arumbakkam,6184,5504,195102.24
2025-02-12,Vadapalani,9644,9771,291912.89
2025-02-12,Ashok Nagar,7610,8083,324296.21
2025-02-12,Ekkattuthangal,4750,4593,202881.77
2025-02-12,St Thomas Mount,6859,7573,299202.08
2025-02-13,Washermanpet,4985,4847,108179.74
2025-02-13,Chennai Central,20884,21051,485220.3
2025-02-13,Government Estate,3918,3866,88137.96
2025-02-13,Thousand Lights,8369,8665,191215.26
2025-02-13,Teynampet,8539,8059,300246.67
2025-02-13,Saidapet,9843,10042,322778.44
2025-02-13,Guindy,11936,11983,393832.12
2025-02-13,Alandur,18605,19210,795364.54
2025-02-13,Airport,12106,11618,536889.76
2025-02-13,Egmore,17914,19868,388992.46
2025-02-13,Nehru Park,6390,7141,125681.19
2025-02-13,CMBT,17557,18370,565096.59
2025-02-13,Koyambedu,10809,10565,338292.21
2025-02-13,Arumbakkam,5159,5059,166777.97
2025-02-13,Vadapalani,10787,10922,335604.45
2025-02-13,Ashok Nagar,7386,7441,318538.22
2025-02-13,Ekkattuthangal,5080,5008,219932.61
2025-02-13,St Thomas Mount,7631,7349,333831.72
2025-02-14,Washermanpet,6103,5873,131264.69
2025-02-14,Chennai Central,22065,20436,488214.15
2025-02-14,Government Estate,3892,4254,86538.64
2025-02-14,Thousand Lights,9873,9051,215713.32
2025-02-14,Teynampet,7084,7031,215483.3
2025-02-14,Saidapet,8727,8615,290699.78
2025-02-14,Guindy,14835,15772,467768.35
2025-02-14,Alandur,16295,16023,708059.37
2025-02-14,Airport,14141,13456,633730.57
2025-02-14,Egmore,13198,12567,289166.24
2025-02-14,Nehru Park,5638,5464,118094.19
2025-02-14,CMBT,13066,12986,426430.93
2025-02-14,Koyambedu,12814,12635,401595.77
2025-02-14,Arumbakkam,6472,6567,202542.14
2025-02-14,Vadapalani,10535,10583,338420.04
2025-02-14,Ashok Nagar,7226,7733,325325.44
2025-02-14,Ekkattuthangal,5249,5424,234709.59
2025-02-14,St Thomas Mount,7152,7735,307635.68
2025-02-15,Washermanpet,3057,3115,69049.8
2025-02-15,Chennai Central,13814,16080,306217.06
2025-02-15,Government Estate,2581,2559,53245.24
2025-02-15,Thousand Lights,5472,5515,117346.44
2025-02-15,Teynampet,4676,4445,155462.79
2025-02-15,Saidapet,5121,5313,165443.04
2025-02-15,Guindy,8937,8938,286378.98
2025-02-15,Alandur,9971,10330,438905.36
2025-02-15,Airport,5787,5475,256698.37
2025-02-15,Egmore,8864,8132,187920.02
2025-02-15,Nehru Park,3269,3220,73856.37
2025-02-15,CMBT,10340,10479,318914.87
2025-02-15,Koyambedu,7655,7475,244808.84
2025-02-15,Arumbakkam,4111,4100,130605.12
2025-02-15,Vadapalani,5788,5273,179115.77
2025-02-15,Ashok Nagar,4442,4673,192960.32
2025-02-15,Ekkattuthangal,2993,2977,136743.69
2025-02-15,St Thomas Mount,4698,4571,211740.1
2025-02-16,Washermanpet,3327,3252,73230.62
2025-02-16,Chennai Central,15950,14954,373737.13
2025-02-16,Government Estate,2631,2476,56851.89
2025-02-16,Thousand Lights,4625,4699,101949.12
2025-02-16,Teynampet,4635,4554,145990.46
2025-02-16,Saidapet,6455,6309,194643.63
2025-02-16,Guindy,7454,8190,236604.88
2025-02-16,Alandur,10791,10683,481132.21
2025-02-16,Airport,7002,7106,308101.52
2025-02-16,Egmore,10128,10087,228876.75
2025-02-16,Nehru Park,2666,2747,55735.23
2025-02-16,CMBT,9703,9969,307235.4
2025-02-16,Koyambedu,7835,8413,232990.91
2025-02-16,Arumbakkam,3564,3366,114449.55
2025-02-16,Vadapalani,7407,7500,234658.58
2025-02-16,Ashok Nagar,3844,3754,168912.36
2025-02-16,Ekkattuthangal,2868,2805,131541.43
2025-02-16,St Thomas Mount,4481,4515,205659.89
2025-02-17,Washermanpet,5146,5326,111779.53
2025-02-17,Chennai Central,21686,20968,451143.24
2025-02-17,Government Estate,3850,3818,90712.7
2025-02-17,Thousand Lights,9312,9033,192683.88
2025-02-17,Teynampet,8085,7709,263245.13
2025-02-17,Saidapet,8677,9187,269618.73
2025-02-17,Guindy,16115,15865,494750.19
2025-02-17,Alandur,17942,15554,777713.58
2025-02-17,Airport,12717,13227,561042.47
2025-02-17,Egmore,17527,17862,397854.14
2025-02-17,Nehru Park,6846,5913,153193.77
2025-02-17,CMBT,18251,18428,581703.09
2025-02-17,Koyambedu,11974,12027,383031.52
2025-02-17,Arumbakkam,6803,6953,216799.21
2025-02-17,Vadapalani,10431,11161,337019.78
2025-02-17,Ashok Nagar,7036,7261,315482.66
2025-02-17,Ekkattuthangal,5129,5225,229226.56
2025-02-17,St Thomas Mount,6330,6454,274074.84
2025-02-18,Washermanpet,5419,5419,129203.03
2025-02-18,Chennai Central,26312,26201,556482.58
2025-02-18,Government Estate,4367,4824,92573.44
2025-02-18,Thousand Lights,9705,9262,212551.22
2025-02-18,Teynampet,6689,6181,202414.54
2025-02-18,Saidapet,9065,9352,290272.56
2025-02-18,Guindy,15343,15741,473183.83
2025-02-18,Alandur,18074,19733,816900.2
2025-02-18,Airport,13707,13480,565514.87
2025-02-18,Egmore,15037,13200,316305.88
2025-02-18,Nehru Park,5592,5561,117865.72
2025-02-18,CMBT,16660,16988,526629.83
2025-02-18,Koyambedu,12519,12659,414555.16
2025-02-18,Arumbakkam,6852,6836,216733.61
2025-02-18,Vadapalani,10860,10423,352718.98
2025-02-18,Ashok Nagar,6387,6194,294897.14
2025-02-18,Ekkattuthangal,5601,6307,243435.67
2025-02-18,St Thomas Mount,7087,7340,316266.17
2025-02-19,Washermanpet,5160,5246,106622.66
2025-02-19,Chennai Central,24690,23334,549011.63
2025-02-19,Government Estate,3979,3987,91086.92
2025-02-19,Thousand Lights,8270,8978,178266.56
2025-02-19,Teynampet,8866,9422,281323.07
2025-02-19,Saidapet,9397,10128,303771.73
2025-02-19,Guindy,13418,12870,413245.96
2025-02-19,Alandur,16797,17209,750207.17
2025-02-19,Airport,12834,13057,588447.06
2025-02-19,Egmore,16330,17789,356995.65
2025-02-19,Nehru Park,5458,5387,113097.83
2025-02-19,CMBT,17761,17632,555455.02
2025-02-19,Koyambedu,12062,12087,396085.8
2025-02-19,Arumbakkam,6470,6197,205171.91
2025-02-19,Vadapalani,10865,11079,327513.74
2025-02-19,Ashok Nagar,7315,8170,335104.71
2025-02-19,Ekkattuthangal,4505,4451,211321.13
2025-02-19,St Thomas Mount,6959,6318,300293.76
2025-02-20,Washermanpet,4711,4679,105188.94
2025-02-20,Chennai Central,24109,22251,538901.19
2025-02-20,Government Estate,4667,4885,98411.61
2025-02-20,Thousand Lights,8930,8756,196442.72
2025-02-20,Teynampet,6848,6817,214335.24
2025-02-20,Saidapet,8198,8300,264157.87
2025-02-20,Guindy,14637,15066,464042.73
2025-02-20,Alandur,18195,19327,798725.28
2025-02-20,Airport,12683,13495,559220.68
2025-02-20,Egmore,15030,15268,341090.09
2025-02-20,Nehru Park,6332,6475,141175.69
2025-02-20,CMBT,16175,17429,516577.41
2025-02-20,Koyambedu,13694,14039,448061.13
2025-02-20,Arumbakkam,6580,6748,214467.85
2025-02-20,Vadapalani,9031,9037,294530.41
2025-02-20,Ashok Nagar,6615,6836,276698.01
2025-02-20,Ekkattuthangal,4463,4360,200861.12
2025-02-20,St Thomas Mount,6752,6692,282231.63
2025-02-21,Washermanpet,4901,4843,103308.63
2025-02-21,Chennai Central,25262,25781,566825.47
2025-02-21,Government Estate,4146,3962,93350.65
2025-02-21,Thousand Lights,8291,7980,176575.67
2025-02-21,Teynampet,7008,6768,221163.23
2025-02-21,Saidapet,9383,9747,285180.48
2025-02-21,Guindy,12924,13472,413106.16
2025-02-21,Alandur,18399,19700,839177.41
2025-02-21,Airport,10744,10279,447365.57
2025-02-21,Egmore,15078,15422,330529.75
2025-02-21,Nehru Park,6659,6915,148843.6
2025-02-21,CMBT,16777,16751,538776.06
2025-02-21,Koyambedu,11758,10767,369726.39
2025-02-21,Arumbakkam,7121,7126,225425.67
2025-02-21,Vadapalani,12193,12159,381665.12
2025-02-21,Ashok Nagar,6842,6840,303879.6
2025-02-21,Ekkattuthangal,5208,5549,230749.04
2025-02-21,St Thomas Mount,7566,7737,334305.95
2025-02-22,Washermanpet,3147,3365,70633.86
2025-02-22,Chennai Central,14672,15912,326853.63
2025-02-22,Government Estate,2865,2849,59047.08
2025-02-22,Thousand Lights,4740,5032,107273.25
2025-02-22,Teynampet,4517,4294,142811.24
2025-02-22,Saidapet,5725,5740,184988.23
2025-02-22,Guindy,8346,8338,276611.82
2025-02-22,Alandur,9616,10313,402065.55
2025-02-22,Airport,8347,8744,364138.56
2025-02-22,Egmore,9442,9189,218127.4
2025-02-22,Nehru Park,3514,3430,80185.71
2025-02-22,CMBT,11251,11248,347833.86
2025-02-22,Koyambedu,6698,7344,209481.51
2025-02-22,Arumbakkam,4055,4104,131733.0
2025-02-22,Vadapalani,6799,5810,229285.15
2025-02-22,Ashok Nagar,4324,4426,195477.01
2025-02-22,Ekkattuthangal,3187,3130,140849.09
2025-02-22,St Thomas Mount,4658,4586,202092.01
2025-02-23,Washermanpet,3310,3233,74811.06
2025-02-23,Chennai Central,12662,13361,282944.13
2025-02-23,Government Estate,2167,2086,47692.09
2025-02-23,Thousand Lights,6031,5864,129220.06
2025-02-23,Teynampet,4982,4933,160579.3
2025-02-23,Saidapet,5882,5515,182393.37
2025-02-23,Guindy,9666,9817,314748.47
2025-02-23,Alandur,12774,12166,541616.03
2025-02-23,Airport,7960,7446,356766.94
2025-02-23,Egmore,7957,7640,171482.6
2025-02-23,Nehru Park,4089,4574,87385.08
2025-02-23,CMBT,9796,9537,314321.74
2025-02-23,Koyambedu,7379,7233,230736.95
2025-02-23,Arumbakkam,4142,4180,133063.53
2025-02-23,Vadapalani,6347,6815,210244.14
2025-02-23,Ashok Nagar,4566,4377,202088.69
2025-02-23,Ekkattuthangal,2948,3039,131836.27
2025-02-23,St Thomas Mount,3618,3723,160870.68
2025-02-24,Washermanpet,6205,5981,134551.73
2025-02-24,Chennai Central,22904,22046,495994.94
2025-02-24,Government Estate,3568,3386,76886.35
2025-02-24,Thousand Lights,8022,7434,165784.38
2025-02-24,Teynampet,6649,6863,212685.74
2025-02-24,Saidapet,9272,9586,285779.95
2025-02-24,Guindy,12356,12358,430881.89
2025-02-24,Alandur,19617,17672,847727.65
2025-02-24,Airport,14474,14333,671433.67
2025-02-24,Egmore,13372,13548,292812.29
2025-02-24,Nehru Park,5904,5696,123711.04
2025-02-24,CMBT,16243,15708,505244.53
2025-02-24,Koyambedu,11831,11582,364930.92
2025-02-24,Arumbakkam,6757,7027,220420.29
2025-02-24,Vadapalani,9325,9633,299669.07
2025-02-24,Ashok Nagar,7698,7543,354386.06
2025-02-24,Ekkattuthangal,4238,4123,188290.23
2025-02-24,St Thomas Mount,6917,6695,305066.96
2025-02-25,Washermanpet,5853,5289,125159.78
2025-02-25,Chennai Central,25645,25289,555970.82
2025-02-25,Government Estate,3769,4086,84659.86
2025-02-25,Thousand Lights,7386,7547,170644.35
2025-02-25,Teynampet,7442,8353,229161.31
2025-02-25,Saidapet,7004,7143,230699.96
2025-02-25,Guindy,12091,11885,408106.56
2025-02-25,Alandur,17775,18060,776536.66
2025-02-25,Airport,15059,14726,659592.31
2025-02-25,Egmore,12968,12432,286925.77
2025-02-25,Nehru Park,5108,5039,110102.04
2025-02-25,CMBT,17755,17092,584898.07
2025-02-25,Koyambedu,10955,11737,351959.21
2025-02-25,Arumbakkam,7018,6427,229676.67
2025-02-25,Vadapalani,12325,12390,394152.78
2025-02-25,Ashok Nagar,6571,6602,294802.98
2025-02-25,Ekkattuthangal,4755,5053,201850.7
2025-02-25,St Thomas Mount,6679,6457,289503.01
2025-02-26,Washermanpet,4945,4948,111656.07
2025-02-26,Chennai Central,23904,23947,540944.22
2025-02-26,Government Estate,4356,4135,93596.75
2025-02-26,Thousand Lights,9749,9230,208707.16
2025-02-26,Teynampet,7413,7103,244333.57
2025-02-26,Saidapet,8901,9412,275404.96
2025-02-26,Guindy,15496,13768,497858.11
2025-02-26,Alandur,16230,12985,734762.32
2025-02-26,Airport,13083,12025,560101.39
2025-02-26,Egmore,16673,17190,369213.55
2025-02-26,Nehru Park,5571,5857,125455.45
2025-02-26,CMBT,16970,19249,539062.61
2025-02-26,Koyambedu,11658,11680,398924.77
2025-02-26,Arumbakkam,6067,6144,185695.09
2025-02-26,Vadapalani,9791,9704,319112.08
2025-02-26,Ashok Nagar,8893,9361,391228.15
2025-02-26,Ekkattuthangal,4641,4781,196537.7
2025-02-26,St Thomas Mount,6906,7347,301385.52
2025-02-27,Washermanpet,5006,5347,114541.84
2025-02-27,Chennai Central,24036,21959,534594.66
2025-02-27,Government Estate,3768,3688,86606.79
2025-02-27,Thousand Lights,8993,8678,194877.46
2025-02-27,Teynampet,7460,7825,241206.01
2025-02-27,Saidapet,8962,9231,280422.92
2025-02-27,Guindy,13108,12786,404270.2
2025-02-27,Alandur,17799,16964,770356.21
2025-02-27,Airport,12076,12078,547070.53
2025-02-27,Egmore,15342,14408,336593.33
2025-02-27,Nehru Park,5533,5909,120442.54
2025-02-27,CMBT,16678,15767,550107.37
2025-02-27,Koyambedu,12575,12629,400640.88
2025-02-27,Arumbakkam,6257,6836,205605.21
2025-02-27,Vadapalani,9531,9245,308340.99
2025-02-27,Ashok Nagar,6630,6392,277703.85
2025-02-27,Ekkattuthangal,4612,4726,211318.26
2025-02-27,St Thomas Mount,6134,5573,268517.96
2025-02-28,Washermanpet,5056,5201,105264.3
2025-02-28,Chennai Central,20913,19995,477193.41
2025-02-28,Government Estate,4489,4181,98292.17
2025-02-28,Thousand Lights,7348,7666,160080.19
2025-02-28,Teynampet,8034,8052,254754.16
2025-02-28,Saidapet,8961,8279,294489.22
2025-02-28,Guindy,13708,12600,435587.83
2025-02-28,Alandur,19981,22049,917390.9
2025-02-28,Airport,12382,12502,558012.26
2025-02-28,Egmore,12988,13543,283289.0
2025-02-28,Nehru Park,5759,5757,123153.16
2025-02-28,CMBT,17957,18626,595119.77
2025-02-28,Koyambedu,9087,8771,295037.61
2025-02-28,Arumbakkam,6282,7005,201969.05
2025-02-28,Vadapalani,10669,11064,341874.19
2025-02-28,Ashok Nagar,8612,8667,368452.96
2025-02-28,Ekkattuthangal,4579,4394,202265.71
2025-02-28,St Thomas Mount,6035,6157,261368.37
2025-03-01,Washermanpet,3531,3615,78791.18
2025-03-01,Chennai Central,16696,15243,363671.29
2025-03-01,Government Estate,2858,2821,62437.85
2025-03-01,Thousand Lights,6552,6868,144733.36
2025-03-01,Teynampet,5250,4985,173353.32
2025-03-01,Saidapet,6798,6911,220657.06
2025-03-01,Guindy,9624,8637,323602.47
2025-03-01,Alandur,13911,14679,620922.4
2025-03-01,Airport,6329,5966,267746.6
2025-03-01,Egmore,10526,10320,234515.96
2025-03-01,Nehru Park,4162,4211,90953.7
2025-03-01,CMBT,11870,11513,393521.35
2025-03-01,Koyambedu,8292,7976,252355.58
2025-03-01,Arumbakkam,5009,4452,158872.3
2025-03-01,Vadapalani,7204,7747,223138.59
2025-03-01,Ashok Nagar,5093,5243,218082.01
2025-03-01,Ekkattuthangal,2863,2891,134122.05
2025-03-01,St Thomas Mount,4578,4452,206098.84
2025-03-02,Washermanpet,4442,4792,99000.36
2025-03-02,Chennai Central,15864,14635,346831.39
2025-03-02,Government Estate,2289,2428,48717.43
2025-03-02,Thousand Lights,6336,6386,140415.97
2025-03-02,Teynampet,5787,5650,179864.39
2025-03-02,Saidapet,6251,7018,195562.64
2025-03-02,Guindy,10178,11108,327327.47
2025-03-02,Alandur,10828,10478,475970.78
2025-03-02,Airport,6573,7151,282751.78
2025-03-02,Egmore,11821,10432,269851.34
2025-03-02,Nehru Park,3738,3322,83846.15
2025-03-02,CMBT,12164,12198,379091.6
2025-03-02,Koyambedu,7311,7711,244008.83
2025-03-02,Arumbakkam,4179,4334,137552.58
2025-03-02,Vadapalani,7189,6988,229714.53
2025-03-02,Ashok Nagar,5908,5841,268967.45
2025-03-02,Ekkattuthangal,3430,3691,146279.65
2025-03-02,St Thomas Mount,4051,4573,179299.37
2025-03-03,Washermanpet,5918,5610,127047.67
2025-03-03,Chennai Central,25916,25435,597822.91
2025-03-03,Government Estate,4532,4367,100761.16
2025-03-03,Thousand Lights,8484,8444,190985.24
2025-03-03,Teynampet,10198,10197,326049.16
2025-03-03,Saidapet,10635,10613,342532.42
2025-03-03,Guindy,17028,18050,540974.86
2025-03-03,Alandur,21889,21827,957171.74
2025-03-03,Airport,15621,15604,674643.02
2025-03-03,Egmore,18269,19705,387929.66
2025-03-03,Nehru Park,6606,6494,154347.52
2025-03-03,CMBT,17458,17410,562854.29
2025-03-03,Koyambedu,11042,10861,346577.94
2025-03-03,Arumbakkam,6355,5990,208079.55
2025-03-03,Vadapalani,11123,11550,359832.05
2025-03-03,Ashok Nagar,8676,8001,383214.76
2025-03-03,Ekkattuthangal,5967,5564,259554.79
2025-03-03,St Thomas Mount,6774,6920,295736.63
2025-03-04,Washermanpet,6441,6331,146158.5
2025-03-04,Chennai Central,25091,24078,538466.25
2025-03-04,Government Estate,4389,4239,93640.95
2025-03-04,Thousand Lights,9467,10073,211145.95
2025-03-04,Teynampet,7930,8392,252771.23
2025-03-04,Saidapet,8766,8309,275168.7
2025-03-04,Guindy,13708,13850,423469.42
2025-03-04,Alandur,17090,18547,780091.39
2025-03-04,Airport,13508,13224,577476.48
2025-03-04,Egmore,16435,15925,366603.88
2025-03-04,Nehru Park,6386,6551,140091.64
2025-03-04,CMBT,16514,15302,544515.48
2025-03-04,Koyambedu,13913,14357,455704.12
2025-03-04,Arumbakkam,7279,7322,236434.2
2025-03-04,Vadapalani,11112,10053,374099.6
2025-03-04,Ashok Nagar,9317,10066,419177.04
2025-03-04,Ekkattuthangal,5898,5560,263336.73
2025-03-04,St Thomas Mount,7716,8576,352634.21
2025-03-05,Washermanpet,6639,6384,150992.15
2025-03-05,Chennai Central,29178,28453,647235.71
2025-03-05,Government Estate,3843,4175,82555.38
2025-03-05,Thousand Lights,10209,9774,238539.39
2025-03-05,Teynampet,7761,7568,241336.98
2025-03-05,Saidapet,9604,9547,317587.95
2025-03-05,Guindy,17072,16998,553160.55
2025-03-05,Alandur,20190,18812,917758.22
2025-03-05,Airport,14933,13486,668329.19
2025-03-05,Egmore,20696,21303,450521.27
2025-03-05,Nehru Park,7640,8268,180595.35
2025-03-05,CMBT,20301,19957,625790.68
2025-03-05,Koyambedu,12312,12887,388087.39
2025-03-05,Arumbakkam,6549,6332,204836.03
2025-03-05,Vadapalani,10420,10812,354034.93
2025-03-05,Ashok Nagar,7292,6855,313823.19
2025-03-05,Ekkattuthangal,6351,6624,269689.58
2025-03-05,St Thomas Mount,8521,8925,361187.33
2025-03-06,Washermanpet,6013,6147,130553.91
2025-03-06,Chennai Central,28239,27559,610781.59
2025-03-06,Government Estate,4362,4483,91922.79
2025-03-06,Thousand Lights,10259,10483,221592.64
2025-03-06,Teynampet,8741,9686,275030.12
2025-03-06,Saidapet,10141,10323,329545.16
2025-03-06,Guindy,15577,15001,485573.25
2025-03-06,Alandur,17073,17051,737370.79
2025-03-06,Airport,13410,12891,598154.58
2025-03-06,Egmore,19031,17901,422540.89
2025-03-06,Nehru Park,6619,7008,152281.33
2025-03-06,CMBT,19975,21338,615071.74
2025-03-06,Koyambedu,11674,10980,385642.55
2025-03-06,Arumbakkam,7331,6948,253323.56
2025-03-06,Vadapalani,12903,13493,407394.05
2025-03-06,Ashok Nagar,8815,8689,400431.61
2025-03-06,Ekkattuthangal,5803,5994,259566.27
2025-03-06,St Thomas Mount,7382,7044,328582.65
2025-03-07,Washermanpet,6265,6164,144057.44
2025-03-07,Chennai Central,27180,27444,589494.46
2025-03-07,Government Estate,4527,4284,97945.51
2025-03-07,Thousand Lights,7848,7428,178716.79
2025-03-07,Teynampet,8862,9050,280472.92
2025-03-07,Saidapet,9582,10122,319902.32
2025-03-07,Guindy,15105,14737,479331.84
2025-03-07,Alandur,22258,20681,977455.4
2025-03-07,Airport,11752,10894,508208.6
2025-03-07,Egmore,19527,19462,423643.47
2025-03-07,Nehru Park,6314,6203,136168.74
2025-03-07,CMBT,19439,18397,628684.58
2025-03-07,Koyambedu,12321,12021,389570.79
2025-03-07,Arumbakkam,6616,6800,203642.83
2025-03-07,Vadapalani,11110,11723,368528.62
2025-03-07,Ashok Nagar,8427,8133,388162.22
2025-03-07,Ekkattuthangal,5562,5721,244337.1
2025-03-07,St Thomas Mount,7536,7585,323427.03
2025-03-08,Washermanpet,3211,3204,69962.16
2025-03-08,Chennai Central,17722,17983,391780.65
2025-03-08,Government Estate,2899,3051,60424.09
2025-03-08,Thousand Lights,5265,5187,113623.87
2025-03-08,Teynampet,5336,5665,164990.01
2025-03-08,Saidapet,6222,5748,206107.25
2025-03-08,Guindy,9554,9499,305125.81
2025-03-08,Alandur,12842,12400,567030.36
2025-03-08,Airport,9008,9183,387171.81
2025-03-08,Egmore,9568,9654,213807.04
2025-03-08,Nehru Park,4408,4522,96833.12
2025-03-08,CMBT,10034,9869,321206.29
2025-03-08,Koyambedu,8378,8004,246123.75
2025-03-08,Arumbakkam,4945,4681,161300.5
2025-03-08,Vadapalani,6582,6667,215071.21
2025-03-08,Ashok Nagar,5323,5324,230584.23
2025-03-08,Ekkattuthangal,3531,3041,145951.91
2025-03-08,St Thomas Mount,4433,4545,201363.54
2025-03-09,Washermanpet,3967,4203,83138.31
2025-03-09,Chennai Central,16099,15299,339347.26
2025-03-09,Government Estate,2955,2698,65171.19
2025-03-09,Thousand Lights,5707,5440,124436.37
2025-03-09,Teynampet,5243,5292,166836.36
2025-03-09,Saidapet,6623,6961,225683.71
2025-03-09,Guindy,8558,8949,266256.63
2025-03-09,Alandur,13295,13480,577310.42
2025-03-09,Airport,7659,7744,357173.76
2025-03-09,Egmore,10537,10742,233049.45
2025-03-09,Nehru Park,3238,3272,71581.65
2025-03-09,CMBT,11487,10966,374447.91
2025-03-09,Koyambedu,9052,9905,298000.29
2025-03-09,Arumbakkam,4484,4562,145705.11
2025-03-09,Vadapalani,6772,6922,219326.1
2025-03-09,Ashok Nagar,5246,5099,235453.7
2025-03-09,Ekkattuthangal,3612,3790,155576.58
2025-03-09,St Thomas Mount,5401,4948,235596.52
2025-03-10,Washermanpet,5056,5559,111521.7
2025-03-10,Chennai Central,25007,23053,520107.47
2025-03-10,Government Estate,4430,4663,98267.14
2025-03-10,Thousand Lights,9771,9193,216282.39
2025-03-10,Teynampet,7186,7119,225401.41
2025-03-10,Saidapet,9529,9563,309375.55
2025-03-10,Guindy,14727,13974,496239.65
2025-03-10,Alandur,21159,19117,930482.15
2025-03-10,Airport,13424,14638,545379.63
2025-03-10,Egmore,18042,18544,389583.89
2025-03-10,Nehru Park,6235,5637,134531.25
2025-03-10,CMBT,17399,18698,552928.09
2025-03-10,Koyambedu,12278,12400,383804.44
2025-03-10,Arumbakkam,7306,7624,232271.43
2025-03-10,Vadapalani,12261,12947,385214.06
2025-03-10,Ashok Nagar,7646,7387,311327.93
2025-03-10,Ekkattuthangal,5292,5071,236910.21
2025-03-10,St Thomas Mount,7704,7668,329716.67
2025-03-11,Washermanpet,6022,6543,129858.13
2025-03-11,Chennai Central,30932,33066,666053.52
2025-03-11,Government Estate,3658,3945,78209.62
2025-03-11,Thousand Lights,9278,9487,207698.22
2025-03-11,Teynampet,9476,9580,296184.02
2025-03-11,Saidapet,9602,8532,308890.7
2025-03-11,Guindy,15245,15571,475373.65
2025-03-11,Alandur,20560,21353,914288.66
2025-03-11,Airport,15752,15275,714451.62
2025-03-11,Egmore,18752,18132,400611.34
2025-03-11,Nehru Park,6249,6325,137610.68
2025-03-11,CMBT,18720,17480,599531.47
2025-03-11,Koyambedu,12607,13340,400890.93
2025-03-11,Arumbakkam,7344,7415,229849.65
2025-03-11,Vadapalani,9587,10641,309164.89
2025-03-11,Ashok Nagar,7749,8246,349239.48
2025-03-11,Ekkattuthangal,6447,6573,285351.57
2025-03-11,St Thomas Mount,7586,7988,340445.46
2025-03-12,Washermanpet,5159,5564,119133.51
2025-03-12,Chennai Central,26209,26692,582744.72
2025-03-12,Government Estate,4442,4210,98143.7
2025-03-12,Thousand Lights,8865,8698,201368.67
2025-03-12,Teynampet,7597,7215,246713.73
2025-03-12,Saidapet,10908,10830,354541.05
2025-03-12,Guindy,13774,14009,417449.58
2025-03-12,Alandur,20253,21432,827316.68
2025-03-12,Airport,13363,12287,613312.32
2025-03-12,Egmore,17261,16881,382694.02
2025-03-12,Nehru Park,5994,6083,133724.6
2025-03-12,CMBT,18567,17984,611277.64
2025-03-12,Koyambedu,11427,10933,385106.96
2025-03-12,Arumbakkam,6175,5966,195553.57
2025-03-12,Vadapalani,10214,10400,326278.43
2025-03-12,Ashok Nagar,7925,7508,353918.08
2025-03-12,Ekkattuthangal,5004,4616,228234.18
2025-03-12,St Thomas Mount,8628,9384,390797.45
2025-03-13,Washermanpet,5821,6063,125466.65
2025-03-13,Chennai Central,26381,27182,580838.75
2025-03-13,Government Estate,4338,4101,91613.67
2025-03-13,Thousand Lights,8482,9268,185229.75
2025-03-13,Teynampet,9101,9633,268270.86
2025-03-13,Saidapet,10210,9924,343915.48
2025-03-13,Guindy,12667,12721,425889.07
2025-03-13,Alandur,18252,19798,788600.49
2025-03-13,Airport,16604,15588,721823.67
2025-03-13,Egmore,17761,17586,376474.49
2025-03-13,Nehru Park,6727,6489,149134.89
2025-03-13,CMBT,20055,19735,650832.38
2025-03-13,Koyambedu,14015,13589,457844.99
2025-03-13,Arumbakkam,6861,7737,218125.21
2025-03-13,Vadapalani,11175,10686,351175.33
2025-03-13,Ashok Nagar,8240,8341,362316.04
2025-03-13,Ekkattuthangal,5577,5436,251212.62
2025-03-13,St Thomas Mount,6999,6569,298629.6
2025-03-14,Washermanpet,5854,6011,127570.39
2025-03-14,Chennai Central,23380,23485,498585.06
2025-03-14,Government Estate,4807,4866,108141.95
2025-03-14,Thousand Lights,8819,8157,198639.37
2025-03-14,Teynampet,8360,8231,255615.26
2025-03-14,Saidapet,8856,9261,295713.27
2025-03-14,Guindy,14764,14486,493162.13
2025-03-14,Alandur,15970,14934,714992.11
2025-03-14,Airport,14836,16262,655303.12
2025-03-14,Egmore,18012,19172,394162.09
2025-03-14,Nehru Park,6438,6355,143023.54
2025-03-14,CMBT,17379,16804,574461.04
2025-03-14,Koyambedu,12919,13174,402294.52
2025-03-14,Arumbakkam,7711,7356,243599.23
2025-03-14,Vadapalani,11371,11222,372543.95
2025-03-14,Ashok Nagar,8536,8681,370040.94
2025-03-14,Ekkattuthangal,6738,6537,297242.83
2025-03-14,St Thomas Mount,7220,6952,317838.67
2025-03-15,Washermanpet,3495,3284,77332.6
2025-03-15,Chennai Central,15502,15995,323786.68
2025-03-15,Government Estate,2828,2676,61998.7
2025-03-15,Thousand Lights,6104,6208,135789.07
2025-03-15,Teynampet,5575,5612,181206.8
2025-03-15,Saidapet,6264,6187,189994.45
2025-03-15,Guindy,8796,9096,290748.57
2025-03-15,Alandur,12284,12081,513396.11
2025-03-15,Airport,8528,8398,366865.68
2025-03-15,Egmore,10705,10755,239249.64
2025-03-15,Nehru Park,4320,4362,99482.8
2025-03-15,CMBT,12926,13495,417815.33
2025-03-15,Koyambedu,6987,7169,232008.29
2025-03-15,Arumbakkam,5061,5216,165319.78
2025-03-15,Vadapalani,6798,6815,215158.28
2025-03-15,Ashok Nagar,5734,5158,250925.08
2025-03-15,Ekkattuthangal,3423,3277,150693.65
2025-03-15,St Thomas Mount,4620,4452,205791.94
2025-03-16,Washermanpet,3639,3423,83043.13
2025-03-16,Chennai Central,17291,16947,379295.76
2025-03-16,Government Estate,2628,2523,55571.23
2025-03-16,Thousand Lights,6577,6577,137796.11
2025-03-16,Teynampet,5556,5338,181972.48
2025-03-16,Saidapet,6042,6110,188586.05
2025-03-16,Guindy,9336,9693,300900.32
2025-03-16,Alandur,13207,12656,548628.33
2025-03-16,Airport,9701,9428,436318.21
2025-03-16,Egmore,8869,8341,190976.17
2025-03-16,Nehru Park,3560,4021,79006.71
2025-03-16,CMBT,11298,11038,367725.17
2025-03-16,Koyambedu,7096,7029,223942.86
2025-03-16,Arumbakkam,3761,3816,122894.32
2025-03-16,Vadapalani,7671,7678,236598.56
2025-03-16,Ashok Nagar,5411,5632,239282.46
2025-03-16,Ekkattuthangal,3064,2948,125006.44
2025-03-16,St Thomas Mount,5081,4927,221545.24
2025-03-17,Washermanpet,5532,5639,117179.24
2025-03-17,Chennai Central,23983,24616,514525.23
2025-03-17,Government Estate,4557,4633,103032.14
2025-03-17,Thousand Lights,7663,7646,160571.14
2025-03-17,Teynampet,10058,10115,325296.21
2025-03-17,Saidapet,10831,11021,336428.69
2025-03-17,Guindy,14672,15063,471253.37
2025-03-17,Alandur,22445,21159,951907.24
2025-03-17,Airport,13237,12771,582686.58
2025-03-17,Egmore,15850,17338,350886.03
2025-03-17,Nehru Park,7130,6628,163275.74
2025-03-17,CMBT,18846,19134,578993.47
2025-03-17,Koyambedu,12446,11199,388543.5
2025-03-17,Arumbakkam,7636,7179,251820.6
2025-03-17,Vadapalani,11329,12520,341547.29
2025-03-17,Ashok Nagar,7064,7045,316366.6
2025-03-17,Ekkattuthangal,5432,5172,244897.67
2025-03-17,St Thomas Mount,8118,8838,345961.16
2025-03-18,Washermanpet,5789,5678,126085.75
2025-03-18,Chennai Central,26433,24508,572540.1
2025-03-18,Government Estate,4532,4402,104918.24
2025-03-18,Thousand Lights,8283,8329,182529.51
2025-03-18,Teynampet,8470,7772,273856.1
2025-03-18,Saidapet,9809,10221,307680.99
2025-03-18,Guindy,16126,16412,516796.53
2025-03-18,Alandur,21228,19958,917306.14
2025-03-18,Airport,13325,12834,566546.51
2025-03-18,Egmore,15815,15888,328650.53
2025-03-18,Nehru Park,6548,7080,141335.89
2025-03-18,CMBT,17471,19358,554692.43
2025-03-18,Koyambedu,11211,12279,341137.82
2025-03-18,Arumbakkam,8196,7944,263427.54
2025-03-18,Vadapalani,11194,10728,356788.61
2025-03-18,Ashok Nagar,8305,7846,383573.87
2025-03-18,Ekkattuthangal,5886,6233,263796.84
2025-03-18,St Thomas Mount,6939,6992,313041.79
2025-03-19,Washermanpet,5928,5503,124813.87
2025-03-19,Chennai Central,25198,23055,558372.6
2025-03-19,Government Estate,4242,4379,91910.45
2025-03-19,Thousand Lights,8790,8743,186382.71
2025-03-19,Teynampet,9510,9461,320194.75
2025-03-19,Saidapet,9420,9195,301930.36
2025-03-19,Guindy,16265,16302,517725.68
2025-03-19,Alandur,18825,20916,848199.6
2025-03-19,Airport,13840,13329,638342.37
2025-03-19,Egmore,17856,16731,402041.77
2025-03-19,Nehru Park,6199,5747,137088.08
2025-03-19,CMBT,16386,15620,509736.09
2025-03-19,Koyambedu,12125,11634,380093.39
2025-03-19,Arumbakkam,8110,7923,263654.15
2025-03-19,Vadapalani,11399,12084,370132.61
2025-03-19,Ashok Nagar,7833,7115,347535.25
2025-03-19,Ekkattuthangal,5313,4980,235408.97
2025-03-19,St Thomas Mount,7813,7470,331875.78
2025-03-20,Washermanpet,6289,5864,143239.34
2025-03-20,Chennai Central,24725,26618,546610.05
2025-03-20,Government Estate,4128,4217,94620.66
2025-03-20,Thousand Lights,9156,9057,202216.44
2025-03-20,Teynampet,9507,9790,320965.21
2025-03-20,Saidapet,11914,11797,385476.99
2025-03-20,Guindy,15800,14542,515034.74
2025-03-20,Alandur,14048,14757,622764.29
2025-03-20,Airport,12340,11761,531135.95
2025-03-20,Egmore,17412,18716,355959.38
2025-03-20,Nehru Park,6306,6485,143626.99
2025-03-20,CMBT,15630,14034,489621.3
2025-03-20,Koyambedu,13839,14476,452617.24
2025-03-20,Arumbakkam,6348,6216,200347.42
2025-03-20,Vadapalani,12047,11972,388899.22
2025-03-20,Ashok Nagar,7393,7452,324287.42
2025-03-20,Ekkattuthangal,5552,5728,239822.77
2025-03-20,St Thomas Mount,7981,8369,350142.96
2025-03-21,Washermanpet,5566,6064,121091.25
2025-03-21,Chennai Central,25750,27556,548400.68
2025-03-21,Government Estate,4749,4403,106354.13
2025-03-21,Thousand Lights,7461,7962,163231.92
2025-03-21,Teynampet,6967,7204,223856.67
2025-03-21,Saidapet,9529,9696,297128.38
2025-03-21,Guindy,13715,13723,435390.08
2025-03-21,Alandur,17384,16344,780850.46
2025-03-21,Airport,12285,12395,541025.99
2025-03-21,Egmore,15862,16652,350200.99
2025-03-21,Nehru Park,5510,5350,113634.83
2025-03-21,CMBT,13934,13603,429578.07
2025-03-21,Koyambedu,11858,11149,381288.69
2025-03-21,Arumbakkam,6925,6890,218091.17
2025-03-21,Vadapalani,12763,12603,402745.05
2025-03-21,Ashok Nagar,8467,8374,388941.38
2025-03-21,Ekkattuthangal,5731,5318,239005.35
2025-03-21,St Thomas Mount,7403,6920,335728.51
2025-03-22,Washermanpet,3718,4064,87231.15
2025-03-22,Chennai Central,16143,15299,345639.09
2025-03-22,Government Estate,2678,2722,60211.98
2025-03-22,Thousand Lights,6169,5773,139368.93
2025-03-22,Teynampet,5928,5683,194467.27
2025-03-22,Saidapet,6610,6531,203429.35
2025-03-22,Guindy,9682,9937,307083.85
2025-03-22,Alandur,12011,11701,503177.57
2025-03-22,Airport,7516,7433,335518.62
2025-03-22,Egmore,10389,9965,239798.59
2025-03-22,Nehru Park,3892,4086,84155.82
2025-03-22,CMBT,10553,10649,331636.81
2025-03-22,Koyambedu,8136,7845,266861.27
2025-03-22,Arumbakkam,3952,4010,124611.24
2025-03-22,Vadapalani,6513,6537,214326.29
2025-03-22,Ashok Nagar,4810,4740,211959.16
2025-03-22,Ekkattuthangal,3144,3045,134714.76
2025-03-22,St Thomas Mount,4199,4274,176418.84
2025-03-23,Washermanpet,3559,3516,79239.92
2025-03-23,Chennai Central,16465,16593,356250.9
2025-03-23,Government Estate,2702,2616,59299.06
2025-03-23,Thousand Lights,6129,5842,141585.86
2025-03-23,Teynampet,5684,5612,178657.12
2025-03-23,Saidapet,7071,7526,221844.15
2025-03-23,Guindy,9675,9397,309447.58
2025-03-23,Alandur,11403,12343,499294.4
2025-03-23,Airport,8106,7631,367119.67
2025-03-23,Egmore,8067,8028,181384.11
2025-03-23,Nehru Park,3728,3582,83935.44
2025-03-23,CMBT,12659,11946,397772.53
2025-03-23,Koyambedu,8440,7803,272775.61
2025-03-23,Arumbakkam,4507,4254,142666.39
2025-03-23,Vadapalani,7117,6604,219594.98
2025-03-23,Ashok Nagar,5974,6486,263072.08
2025-03-23,Ekkattuthangal,3461,3590,153870.61
2025-03-23,St Thomas Mount,4683,4494,208088.58
2025-03-24,Washermanpet,6260,6218,139147.28
2025-03-24,Chennai Central,27211,28364,571220.82
2025-03-24,Government Estate,4174,4249,91250.09
2025-03-24,Thousand Lights,9861,10348,210973.97
2025-03-24,Teynampet,9017,9099,298697.24
2025-03-24,Saidapet,10229,9475,341308.67
2025-03-24,Guindy,14489,13448,475616.95
2025-03-24,Alandur,19837,19485,861386.98
2025-03-24,Airport,13095,13472,552999.86
2025-03-24,Egmore,16839,16712,376055.19
2025-03-24,Nehru Park,6925,7199,152795.65
2025-03-24,CMBT,18895,19703,617338.22
2025-03-24,Koyambedu,13580,15097,424746.8
2025-03-24,Arumbakkam,7289,7820,227874.74
2025-03-24,Vadapalani,11582,11254,367922.71
2025-03-24,Ashok Nagar,8494,8138,382092.32
2025-03-24,Ekkattuthangal,5933,5569,255236.15
2025-03-24,St Thomas Mount,7454,7721,329779.43
2025-03-25,Washermanpet,6090,6282,135856.92
2025-03-25,Chennai Central,23509,24941,542386.67
2025-03-25,Government Estate,4467,4543,100946.16
2025-03-25,Thousand Lights,9127,9058,198641.8
2025-03-25,Teynampet,8905,9131,276337.23
2025-03-25,Saidapet,8838,7990,276038.27
2025-03-25,Guindy,15577,15797,487888.6
2025-03-25,Alandur,19690,19583,897094.03
2025-03-25,Airport,14464,14262,607904.87
2025-03-25,Egmore,15929,15698,339619.97
2025-03-25,Nehru Park,6584,6249,140476.7
2025-03-25,CMBT,21536,21658,676378.81
2025-03-25,Koyambedu,11342,10845,353626.24
2025-03-25,Arumbakkam,7237,7524,223031.95
2025-03-25,Vadapalani,13246,12755,417296.81
2025-03-25,Ashok Nagar,9580,10673,424164.73
2025-03-25,Ekkattuthangal,5609,6002,256903.46
2025-03-25,St Thomas Mount,8621,9338,407561.51
2025-03-26,Washermanpet,5467,5581,114291.46
2025-03-26,Chennai Central,23560,25762,499014.81
2025-03-26,Government Estate,3859,3556,83823.95
2025-03-26,Thousand Lights,8724,9060,194852.71
2025-03-26,Teynampet,8684,8891,277104.76
2025-03-26,Saidapet,10745,10698,346830.02
2025-03-26,Guindy,13996,13471,451434.71
2025-03-26,Alandur,19824,19020,861575.54
2025-03-26,Airport,12365,12208,541419.05
2025-03-26,Egmore,16468,16328,387119.14
2025-03-26,Nehru Park,6254,6517,132454.68
2025-03-26,CMBT,19708,21472,622789.68
2025-03-26,Koyambedu,9493,9167,311758.7
2025-03-26,Arumbakkam,6019,5891,190731.24
2025-03-26,Vadapalani,12000,11591,404269.25
2025-03-26,Ashok Nagar,6601,6730,278118.6
2025-03-26,Ekkattuthangal,5201,5034,225216.31
2025-03-26,St Thomas Mount,8631,8529,370109.49
2025-03-27,Washermanpet,6401,6794,136032.22
2025-03-27,Chennai Central,24400,23207,550542.5
2025-03-27,Government Estate,4549,4968,97051.3
2025-03-27,Thousand Lights,9568,10121,210768.98
2025-03-27,Teynampet,8341,8760,271675.32
2025-03-27,Saidapet,10890,11607,339682.03
2025-03-27,Guindy,15578,17151,505207.02
2025-03-27,Alandur,21903,20999,973953.48
2025-03-27,Airport,13959,13179,600957.75
2025-03-27,Egmore,16855,15622,388830.4
2025-03-27,Nehru Park,5633,5022,129361.12
2025-03-27,CMBT,20073,21135,652507.89
2025-03-27,Koyambedu,9355,9447,290552.41
2025-03-27,Arumbakkam,6926,7145,210733.02
2025-03-27,Vadapalani,12079,12952,368614.16
2025-03-27,Ashok Nagar,5998,6650,270287.95
2025-03-27,Ekkattuthangal,4957,5050,205306.21
2025-03-27,St Thomas Mount,6707,6989,292248.1
2025-03-28,Washermanpet,6007,5719,137464.36
2025-03-28,Chennai Central,27147,29676,612410.39
2025-03-28,Government Estate,4516,4485,99361.38
2025-03-28,Thousand Lights,9144,9592,202806.54
2025-03-28,Teynampet,8114,7936,247256.65
2025-03-28,Saidapet,8846,8694,268631.59
2025-03-28,Guindy,15506,14811,515771.74
2025-03-28,Alandur,22566,20426,1006739.25
2025-03-28,Airport,12858,11644,568184.11
2025-03-28,Egmore,19010,19871,406152.84
2025-03-28,Nehru Park,7247,7514,152656.65
2025-03-28,CMBT,16878,18411,560921.56
2025-03-28,Koyambedu,13875,14598,460212.13
2025-03-28,Arumbakkam,6163,5782,195950.17
2025-03-28,Vadapalani,10053,10438,310860.21
2025-03-28,Ashok Nagar,8475,8154,379405.32
2025-03-28,Ekkattuthangal,5580,5849,247546.88
2025-03-28,St Thomas Mount,8145,8271,365552.72
2025-03-29,Washermanpet,3648,4003,79123.31
2025-03-29,Chennai Central,17745,18220,383243.1
2025-03-29,Government Estate,2579,2436,58875.97
2025-03-29,Thousand Lights,6401,6492,143298.4
2025-03-29,Teynampet,5501,5582,176704.97
2025-03-29,Saidapet,6372,6211,206779.97
2025-03-29,Guindy,8776,8602,270901.39
2025-03-29,Alandur,11076,10870,488280.02
2025-03-29,Airport,8028,8000,357328.77
2025-03-29,Egmore,10825,10793,241108.38
2025-03-29,Nehru Park,3992,4269,88786.14
2025-03-29,CMBT,10283,10709,329886.2
2025-03-29,Koyambedu,7268,7608,207615.68
2025-03-29,Arumbakkam,4354,4201,131428.03
2025-03-29,Vadapalani,7096,6999,224945.09
2025-03-29,Ashok Nagar,4373,4353,191539.98
2025-03-29,Ekkattuthangal,3114,3274,134738.61
2025-03-29,St Thomas Mount,5039,4767,219975.26
2025-03-30,Washermanpet,4020,4186,90871.42
2025-03-30,Chennai Central,18697,18876,410679.77
2025-03-30,Government Estate,2780,2864,64267.14
2025-03-30,Thousand Lights,5644,5725,127960.61
2025-03-30,Teynampet,5345,5798,168141.91
2025-03-30,Saidapet,5643,5813,182042.61
2025-03-30,Guindy,9168,8682,289682.78
2025-03-30,Alandur,11164,11116,498069.69
2025-03-30,Airport,9018,8914,399571.58
2025-03-30,Egmore,9913,9603,215204.29
2025-03-30,Nehru Park,4687,4698,100054.25
2025-03-30,CMBT,11088,11441,351463.37
2025-03-30,Koyambedu,7385,6946,235566.92
2025-03-30,Arumbakkam,4032,4045,126642.37
2025-03-30,Vadapalani,6231,6003,201963.26
2025-03-30,Ashok Nagar,4981,5260,221018.86
2025-03-30,Ekkattuthangal,3611,3467,156716.38
2025-03-30,St Thomas Mount,4259,4445,184536.28
2025-03-31,Washermanpet,5996,5754,139094.29
2025-03-31,Chennai Central,23274,23803,533716.11
2025-03-31,Government Estate,3954,3672,91457.2
2025-03-31,Thousand Lights,9718,9113,212501.95
2025-03-31,Teynampet,8094,7788,260594.96
2025-03-31,Saidapet,9824,9066,322798.89
2025-03-31,Guindy,16430,18161,505025.72
2025-03-31,Alandur,20431,21882,908711.01
2025-03-31,Airport,14364,15122,633173.06
2025-03-31,Egmore,17036,16809,377324.67
2025-03-31,Nehru Park,6376,6174,139746.26
2025-03-31,CMBT,17707,17553,600896.14
2025-03-31,Koyambedu,11092,10414,355589.57
2025-03-31,Arumbakkam,6872,7060,210034.69
2025-03-31,Vadapalani,12702,13062,385456.87
2025-03-31,Ashok Nagar,7136,6557,313504.75
2025-03-31,Ekkattuthangal,5765,5581,251352.88
2025-03-31,St Thomas Mount,8482,8252,370788.14
2025-04-01,Washermanpet,4441,4161,98567.51
2025-04-01,Chennai Central,26314,28128,590297.41
2025-04-01,Government Estate,4413,4355,97138.52
2025-04-01,Thousand Lights,8010,8148,173781.79
2025-04-01,Teynampet,7514,7893,243123.69
2025-04-01,Saidapet,9874,9660,312304.56
2025-04-01,Guindy,13487,13716,413056.98
2025-04-01,Alandur,19585,19190,877992.01
2025-04-01,Airport,12356,11628,547319.76
2025-04-01,Egmore,15895,16008,362212.81
2025-04-01,Nehru Park,5142,5093,107894.94
2025-04-01,CMBT,15238,14382,462580.35
2025-04-01,Koyambedu,14651,14575,465130.02
2025-04-01,Arumbakkam,7583,7015,235966.05
2025-04-01,Vadapalani,10647,10821,345822.47
2025-04-01,Ashok Nagar,7818,8123,354826.22
2025-04-01,Ekkattuthangal,5360,5049,234036.31
2025-04-01,St Thomas Mount,7222,6820,318777.82
2025-04-02,Washermanpet,5405,5592,120124.46
2025-04-02,Chennai Central,25855,27400,557975.47
2025-04-02,Government Estate,4344,4883,94841.93
2025-04-02,Thousand Lights,8911,9058,197156.0
2025-04-02,Teynampet,8087,8326,262667.38
2025-04-02,Saidapet,9696,9594,331737.21
2025-04-02,Guindy,13471,14381,424569.58
2025-04-02,Alandur,17300,18205,737052.35
2025-04-02,Airport,12121,11854,547974.46
2025-04-02,Egmore,17821,17635,413171.44
2025-04-02,Nehru Park,5885,5682,124611.22
2025-04-02,CMBT,15610,16577,502461.67
2025-04-02,Koyambedu,12539,11940,390486.17
2025-04-02,Arumbakkam,7085,7013,223435.49
2025-04-02,Vadapalani,11951,12194,369246.9
2025-04-02,Ashok Nagar,7464,8058,322600.86
2025-04-02,Ekkattuthangal,4673,4695,202031.19
2025-04-02,St Thomas Mount,6075,5803,265939.09
2025-04-03,Washermanpet,6212,6286,137008.99
2025-04-03,Chennai Central,28473,29010,648920.3
2025-04-03,Government Estate,3786,3788,85235.24
2025-04-03,Thousand Lights,7852,7969,177736.38
2025-04-03,Teynampet,8445,9114,268570.15
2025-04-03,Saidapet,9640,9910,295591.05
2025-04-03,Guindy,11615,11470,375668.73
2025-04-03,Alandur,19228,18961,878844.11
2025-04-03,Airport,13220,12560,589162.11
2025-04-03,Egmore,16679,17721,364746.23
2025-04-03,Nehru Park,5585,5259,120582.49
2025-04-03,CMBT,16917,17222,561086.83
2025-04-03,Koyambedu,11263,10768,355513.73
2025-04-03,Arumbakkam,7033,7162,222968.35
2025-04-03,Vadapalani,11071,11122,356100.28
2025-04-03,Ashok Nagar,7626,8041,342673.76
2025-04-03,Ekkattuthangal,4525,4866,195005.56
2025-04-03,St Thomas Mount,7876,8605,346883.33
2025-04-04,Washermanpet,6026,5923,130236.16
2025-04-04,Chennai Central,19133,19173,410770.51
2025-04-04,Government Estate,3528,3687,78159.76
2025-04-04,Thousand Lights,9676,9534,211980.33
2025-04-04,Teynampet,8673,8903,282634.64
2025-04-04,Saidapet,9895,9829,318734.1
2025-04-04,Guindy,16316,17357,548856.16
2025-04-04,Alandur,21636,22818,928385.62
2025-04-04,Airport,12407,11806,552913.78
2025-04-04,Egmore,14701,15999,330302.44
2025-04-04,Nehru Park,5883,5747,134759.94
2025-04-04,CMBT,17859,17490,577176.78
2025-04-04,Koyambedu,12209,12282,370452.67
2025-04-04,Arumbakkam,7826,7989,253941.2
2025-04-04,Vadapalani,10611,11091,343174.7
2025-04-04,Ashok Nagar,7522,7128,302564.78
2025-04-04,Ekkattuthangal,5079,4693,228821.64
2025-04-04,St Thomas Mount,6656,6974,295141.08
2025-04-05,Washermanpet,3049,3086,64822.3
2025-04-05,Chennai Central,13963,13146,308415.05
2025-04-05,Government Estate,2287,2214,50776.94
2025-04-05,Thousand Lights,5430,5451,124123.23
2025-04-05,Teynampet,4758,4736,152698.93
2025-04-05,Saidapet,6047,6059,183903.37
2025-04-05,Guindy,9979,9460,328402.19
2025-04-05,Alandur,10983,10538,501124.81
2025-04-05,Airport,7447,8628,321041.99
2025-04-05,Egmore,8526,8959,193148.36
2025-04-05,Nehru Park,3620,3512,76834.92
2025-04-05,CMBT,10197,11048,313631.71
2025-04-05,Koyambedu,7308,7092,223850.02
2025-04-05,Arumbakkam,3964,3845,131391.92
2025-04-05,Vadapalani,7317,7432,242894.62
2025-04-05,Ashok Nagar,3428,3362,151106.85
2025-04-05,Ekkattuthangal,3564,3718,157633.48
2025-04-05,St Thomas Mount,4168,3931,183409.21
2025-04-06,Washermanpet,3204,3296,68202.64
2025-04-06,Chennai Central,16529,16023,353269.84
2025-04-06,Government Estate,2614,2553,59139.01
2025-04-06,Thousand Lights,5002,4565,114034.19
2025-04-06,Teynampet,5720,5900,181930.61
2025-04-06,Saidapet,5880,6469,190435.85
2025-04-06,Guindy,8523,8281,267740.17
2025-04-06,Alandur,10656,11145,478203.45
2025-04-06,Airport,8054,8345,339522.68
2025-04-06,Egmore,11603,11534,263579.21
2025-04-06,Nehru Park,4003,4467,88452.12
2025-04-06,CMBT,10727,10226,350806.08
2025-04-06,Koyambedu,6377,6915,207620.95
2025-04-06,Arumbakkam,3505,3617,107285.16
2025-04-06,Vadapalani,6921,8085,222232.28
2025-04-06,Ashok Nagar,4434,4569,208104.27
2025-04-06,Ekkattuthangal,3352,3357,142267.42
2025-04-06,St Thomas Mount,4051,3615,170457.77
2025-04-07,Washermanpet,5980,6113,129969.68
2025-04-07,Chennai Central,25453,26693,545477.72
2025-04-07,Government Estate,4167,4008,90591.39
2025-04-07,Thousand Lights,8221,8627,181655.98
2025-04-07,Teynampet,9687,9090,314448.01
2025-04-07,Saidapet,8628,8377,280260.38
2025-04-07,Guindy,15978,15606,504233.81
2025-04-07,Alandur,18573,17709,806136.17
2025-04-07,Airport,12160,11280,541829.47
2025-04-07,Egmore,17747,18413,386941.21
2025-04-07,Nehru Park,5969,6389,131897.56
2025-04-07,CMBT,16754,15906,545946.26
2025-04-07,Koyambedu,12424,12541,416757.29
2025-04-07,Arumbakkam,5950,6123,198212.54
2025-04-07,Vadapalani,11402,12173,377363.81
2025-04-07,Ashok Nagar,8327,8208,368971.28
2025-04-07,Ekkattuthangal,5087,5171,231495.58
2025-04-07,St Thomas Mount,7917,7545,361272.1
2025-04-08,Washermanpet,5746,6330,124185.89
2025-04-08,Chennai Central,25595,25394,563322.68
2025-04-08,Government Estate,4701,4813,99461.24
2025-04-08,Thousand Lights,7515,7170,166438.82
2025-04-08,Teynampet,8321,8301,267940.15
2025-04-08,Saidapet,10316,11036,333778.87
2025-04-08,Guindy,13147,12460,432666.7
2025-04-08,Alandur,20881,21195,926562.42
2025-04-08,Airport,13630,14104,595856.25
2025-04-08,Egmore,12922,13273,282343.51
2025-04-08,Nehru Park,7349,7371,153975.14
2025-04-08,CMBT,18610,18839,595925.43
2025-04-08,Koyambedu,10346,10349,330016.84
2025-04-08,Arumbakkam,6732,6731,207816.53
2025-04-08,Vadapalani,13022,12830,416321.14
2025-04-08,Ashok Nagar,7854,7555,350365.76
2025-04-08,Ekkattuthangal,5931,5894,270389.61
2025-04-08,St Thomas Mount,6314,6477,277210.13
2025-04-09,Washermanpet,6061,6044,136205.26
2025-04-09,Chennai Central,24168,24843,542370.09
2025-04-09,Government Estate,4130,4246,89764.11
2025-04-09,Thousand Lights,8166,8087,180937.08
2025-04-09,Teynampet,7877,7163,255523.51
2025-04-09,Saidapet,10177,10316,332703.34
2025-04-09,Guindy,12694,12922,427332.75
2025-04-09,Alandur,15483,15632,674982.86
2025-04-09,Airport,13149,12811,593523.19
2025-04-09,Egmore,15276,14560,332923.92
2025-04-09,Nehru Park,6117,6317,137543.82
2025-04-09,CMBT,16451,15550,527185.1
2025-04-09,Koyambedu,12434,13166,401145.76
2025-04-09,Arumbakkam,6199,6833,193749.89
2025-04-09,Vadapalani,11138,9984,351145.9
2025-04-09,Ashok Nagar,7092,7369,304953.15
2025-04-09,Ekkattuthangal,5284,5064,231819.99
2025-04-09,St Thomas Mount,6806,7023,297174.35
2025-04-10,Washermanpet,5185,5023,116465.38
2025-04-10,Chennai Central,25031,26798,525252.06
2025-04-10,Government Estate,3870,3567,88185.23
2025-04-10,Thousand Lights,9259,9787,199173.07
2025-04-10,Teynampet,8767,8569,289243.72
2025-04-10,Saidapet,9919,8959,315196.74
2025-04-10,Guindy,13797,13787,450735.32
2025-04-10,Alandur,14577,15289,672727.47
2025-04-10,Airport,13764,13974,603402.59
2025-04-10,Egmore,15013,15692,343308.98
2025-04-10,Nehru Park,5861,5723,131553.52
2025-04-10,CMBT,16817,15187,529808.37
2025-04-10,Koyambedu,10073,9471,306719.05
2025-04-10,Arumbakkam,6581,6368,203213.55
2025-04-10,Vadapalani,11450,11172,354232.8
2025-04-10,Ashok Nagar,8004,8215,370993.9
2025-04-10,Ekkattuthangal,4328,4349,196750.4
2025-04-10,St Thomas Mount,7089,7021,307681.44
2025-04-11,Washermanpet,5033,4903,110266.21
2025-04-11,Chennai Central,22487,24822,498118.68
2025-04-11,Government Estate,4341,4455,92841.83
2025-04-11,Thousand Lights,8650,8424,190476.68
2025-04-11,Teynampet,7804,7740,255729.18
2025-04-11,Saidapet,10741,11217,352945.34
2025-04-11,Guindy,14270,13754,455258.79
2025-04-11,Alandur,19077,21812,840230.92
2025-04-11,Airport,12978,13796,539667.03
2025-04-11,Egmore,15576,14777,337582.84
2025-04-11,Nehru Park,5811,5593,128659.79
2025-04-11,CMBT,17880,18482,579738.67
2025-04-11,Koyambedu,11911,12242,372094.67
2025-04-11,Arumbakkam,6240,6282,190747.32
2025-04-11,Vadapalani,11631,11055,359812.5
2025-04-11,Ashok Nagar,7360,7526,325579.59
2025-04-11,Ekkattuthangal,5033,5195,228036.56
2025-04-11,St Thomas Mount,6904,6649,302770.92
2025-04-12,Washermanpet,3819,3724,80042.54
2025-04-12,Chennai Central,14611,13473,323424.19
2025-04-12,Government Estate,2590,2506,56764.94
2025-04-12,Thousand Lights,5196,4803,117374.25
2025-04-12,Teynampet,5294,5606,173219.06
2025-04-12,Saidapet,5948,5599,193141.63
2025-04-12,Guindy,8251,8081,258139.29
2025-04-12,Alandur,11121,11279,494036.35
2025-04-12,Airport,8841,9222,377383.59
2025-04-12,Egmore,8413,8217,175086.66
2025-04-12,Nehru Park,4039,4161,91022.69
2025-04-12,CMBT,12513,10445,381932.4
2025-04-12,Koyambedu,7286,7419,245384.11
2025-04-12,Arumbakkam,4670,5199,151198.71
2025-04-12,Vadapalani,6564,7317,205010.44
2025-04-12,Ashok Nagar,4311,4403,180787.36
2025-04-12,Ekkattuthangal,3569,3703,162079.5
2025-04-12,St Thomas Mount,3520,3325,156075.01
2025-04-13,Washermanpet,3868,3975,86404.59
2025-04-13,Chennai Central,18174,17089,406317.57
2025-04-13,Government Estate,2128,2145,47768.64
2025-04-13,Thousand Lights,4776,4605,110791.02
2025-04-13,Teynampet,4457,4698,146654.93
2025-04-13,Saidapet,5597,5358,177306.92
2025-04-13,Guindy,8711,8847,282828.79
2025-04-13,Alandur,10576,10322,475793.92
2025-04-13,Airport,8288,8203,373486.83
2025-04-13,Egmore,9621,10048,217879.5
2025-04-13,Nehru Park,3248,3100,70519.46
2025-04-13,CMBT,10614,11746,344302.96
2025-04-13,Koyambedu,6745,6422,217508.73
2025-04-13,Arumbakkam,4244,4486,137177.83
2025-04-13,Vadapalani,6594,6711,198718.84
2025-04-13,Ashok Nagar,4465,4453,192663.91
2025-04-13,Ekkattuthangal,2701,2629,123431.76
2025-04-13,St Thomas Mount,4308,4679,185716.31
2025-04-14,Washermanpet,5830,5832,129757.89
2025-04-14,Chennai Central,21577,22097,467259.58
2025-04-14,Government Estate,4414,4638,102445.36
2025-04-14,Thousand Lights,9287,9260,199856.65
2025-04-14,Teynampet,7781,7416,252357.16
2025-04-14,Saidapet,9389,9277,286215.43
2025-04-14,Guindy,14080,13546,450835.8
2025-04-14,Alandur,18296,17315,799568.92
2025-04-14,Airport,12225,13113,533496.31
2025-04-14,Egmore,12758,12229,269896.06
2025-04-14,Nehru Park,5644,4879,119935.59
2025-04-14,CMBT,18343,18717,557019.39
2025-04-14,Koyambedu,12173,12096,392093.91
2025-04-14,Arumbakkam,7921,6970,254216.28
2025-04-14,Vadapalani,12224,12366,404402.06
2025-04-14,Ashok Nagar,6524,6405,288060.28
2025-04-14,Ekkattuthangal,4599,4597,210629.92
2025-04-14,St Thomas Mount,7237,7189,316290.74
2025-04-15,Washermanpet,4249,3962,93088.11
2025-04-15,Chennai Central,23155,22230,495122.46
2025-04-15,Government Estate,3984,3758,86766.05
2025-04-15,Thousand Lights,7171,7225,158600.61
2025-04-15,Teynampet,8085,9109,257719.67
2025-04-15,Saidapet,8856,9197,277678.56
2025-04-15,Guindy,14318,13775,468439.76
2025-04-15,Alandur,21674,19791,959993.06
2025-04-15,Airport,14114,14872,619777.25
2025-04-15,Egmore,16641,16237,364235.13
2025-04-15,Nehru Park,5094,4874,108586.47
2025-04-15,CMBT,15799,16964,479782.38
2025-04-15,Koyambedu,13778,13915,424171.49
2025-04-15,Arumbakkam,7966,8222,248220.5
2025-04-15,Vadapalani,10113,10454,332707.82
2025-04-15,Ashok Nagar,7740,7676,356099.11
2025-04-15,Ekkattuthangal,4665,4999,215332.86
2025-04-15,St Thomas Mount,6849,6537,289865.42
2025-04-16,Washermanpet,5991,6505,130843.3
2025-04-16,Chennai Central,24860,24425,531551.57
2025-04-16,Government Estate,4480,4545,97984.66
2025-04-16,Thousand Lights,9756,10249,214059.75
2025-04-16,Teynampet,8874,8485,271459.67
2025-04-16,Saidapet,11443,11000,360281.1
2025-04-16,Guindy,14540,14868,474420.92
2025-04-16,Alandur,17260,17931,732403.76
2025-04-16,Airport,13779,14874,603651.43
2025-04-16,Egmore,15944,15769,366367.12
2025-04-16,Nehru Park,5808,5962,124782.92
2025-04-16,CMBT,16148,16885,524187.74
2025-04-16,Koyambedu,11060,11030,350073.93
2025-04-16,Arumbakkam,6705,6847,218351.8
2025-04-16,Vadapalani,9070,8796,287567.27
2025-04-16,Ashok Nagar,7955,7387,364001.87
2025-04-16,Ekkattuthangal,5355,5889,240674.01
2025-04-16,St Thomas Mount,7001,7174,316010.68
2025-04-17,Washermanpet,5139,5443,111410.21
2025-04-17,Chennai Central,28129,29076,616050.92
2025-04-17,Government Estate,3504,3299,79879.31
2025-04-17,Thousand Lights,7703,8263,162897.43
2025-04-17,Teynampet,8480,8293,269279.24
2025-04-17,Saidapet,9586,9409,310601.06
2025-04-17,Guindy,17107,17521,561896.07
2025-04-17,Alandur,19311,18839,849672.57
2025-04-17,Airport,12926,12988,578305.91
2025-04-17,Egmore,15732,15214,348332.68
2025-04-17,Nehru Park,6799,7082,151712.22
2025-04-17,CMBT,19008,18086,586199.16
2025-04-17,Koyambedu,10994,11012,353511.52
2025-04-17,Arumbakkam,5906,5946,190339.14
2025-04-17,Vadapalani,10958,10902,349151.42
2025-04-17,Ashok Nagar,7513,8109,345316.66
2025-04-17,Ekkattuthangal,6086,6578,264981.84
2025-04-17,St Thomas Mount,6895,6910,287087.05
2025-04-18,Washermanpet,6282,6575,137047.06
2025-04-18,Chennai Central,23282,23232,512075.01
2025-04-18,Government Estate,4319,4606,96239.98
2025-04-18,Thousand Lights,9964,9474,229757.77
2025-04-18,Teynampet,8142,8472,267743.21
2025-04-18,Saidapet,10135,9535,327687.26
2025-04-18,Guindy,14049,13658,449768.33
2025-04-18,Alandur,19978,21376,881064.18
2025-04-18,Airport,14396,14934,624417.05
2025-04-18,Egmore,18262,17256,378615.7
2025-04-18,Nehru Park,6624,6093,150762.27
2025-04-18,CMBT,21495,20181,693927.44
2025-04-18,Koyambedu,12598,12761,391367.2
2025-04-18,Arumbakkam,6526,6520,205906.61
2025-04-18,Vadapalani,10845,11499,380234.36
2025-04-18,Ashok Nagar,7301,6754,311474.28
2025-04-18,Ekkattuthangal,5944,5448,258216.53
2025-04-18,St Thomas Mount,6749,6625,309833.23
2025-04-19,Washermanpet,3476,3553,74955.87
2025-04-19,Chennai Central,17160,17028,387448.52
2025-04-19,Government Estate,2340,2465,51835.96
2025-04-19,Thousand Lights,4905,4657,108279.32
2025-04-19,Teynampet,5178,4997,165264.31
2025-04-19,Saidapet,6775,6606,205593.79
2025-04-19,Guindy,9584,10664,307067.18
2025-04-19,Alandur,11558,12844,508271.0
2025-04-19,Airport,9792,10141,440697.04
2025-04-19,Egmore,9817,10070,216311.75
2025-04-19,Nehru Park,3484,3766,75969.68
2025-04-19,CMBT,10489,10256,328503.57
2025-04-19,Koyambedu,7120,7460,217992.0
2025-04-19,Arumbakkam,4061,4158,135880.09
2025-04-19,Vadapalani,6586,7028,210606.92
2025-04-19,Ashok Nagar,4750,4570,214752.62
2025-04-19,Ekkattuthangal,2825,2808,120265.13
2025-04-19,St Thomas Mount,4192,4093,182677.77
2025-04-20,Washermanpet,3250,3497,72423.79
2025-04-20,Chennai Central,14939,15698,338607.83
2025-04-20,Government Estate,2389,2414,51995.09
2025-04-20,Thousand Lights,4692,4735,99850.04
2025-04-20,Teynampet,5149,5160,168285.89
2025-04-20,Saidapet,6817,6584,212512.39
2025-04-20,Guindy,9142,9039,288307.38
2025-04-20,Alandur,11095,10681,489395.04
2025-04-20,Airport,7871,7827,336626.47
2025-04-20,Egmore,9371,9592,209571.71
2025-04-20,Nehru Park,3699,3376,79118.84
2025-04-20,CMBT,11694,12314,380310.83
2025-04-20,Koyambedu,7736,6558,252378.82
2025-04-20,Arumbakkam,3772,3830,121384.62
2025-04-20,Vadapalani,7458,7500,232645.27
2025-04-20,Ashok Nagar,4680,4379,191111.23
2025-04-20,Ekkattuthangal,3321,2949,145650.95
2025-04-20,St Thomas Mount,4360,4367,196213.25
2025-04-21,Washermanpet,4829,4978,110015.06
2025-04-21,Chennai Central,27565,27682,637775.98
2025-04-21,Government Estate,3781,3553,84449.35
2025-04-21,Thousand Lights,7848,8110,175191.78
2025-04-21,Teynampet,8113,8772,264598.17
2025-04-21,Saidapet,10096,10165,328495.61
2025-04-21,Guindy,15217,15562,502401.37
2025-04-21,Alandur,19901,19630,863762.59
2025-04-21,Airport,11393,11016,486616.56
2025-04-21,Egmore,16673,16323,374250.0
2025-04-21,Nehru Park,6892,6884,148628.62
2025-04-21,CMBT,15953,17360,524330.46
2025-04-21,Koyambedu,13012,12612,426629.53
2025-04-21,Arumbakkam,6345,6494,202697.87
2025-04-21,Vadapalani,10970,10984,347948.45
2025-04-21,Ashok Nagar,9292,10238,430033.93
2025-04-21,Ekkattuthangal,5287,5181,229641.04
2025-04-21,St Thomas Mount,7143,7204,323623.94
2025-04-22,Washermanpet,5281,5200,121954.68
2025-04-22,Chennai Central,26843,26508,604698.97
2025-04-22,Government Estate,4162,4373,91344.17
2025-04-22,Thousand Lights,8270,7863,168466.59
2025-04-22,Teynampet,7856,8150,242440.97
2025-04-22,Saidapet,8939,8483,279053.35
2025-04-22,Guindy,14255,13557,483452.45
2025-04-22,Alandur,19074,20438,812644.02
2025-04-22,Airport,13126,12801,531656.59
2025-04-22,Egmore,17353,18593,390390.34
2025-04-22,Nehru Park,6187,6021,134231.17
2025-04-22,CMBT,18321,19475,561673.59
2025-04-22,Koyambedu,11033,11808,345358.07
2025-04-22,Arumbakkam,6125,6373,187507.15
2025-04-22,Vadapalani,10852,10845,341037.12
2025-04-22,Ashok Nagar,7496,7071,318009.62
2025-04-22,Ekkattuthangal,6244,6372,275051.84
2025-04-22,St Thomas Mount,7034,6990,326304.93
2025-04-23,Washermanpet,5861,5521,124371.32
2025-04-23,Chennai Central,23798,24275,515498.26
2025-04-23,Government Estate,4109,4256,87819.62
2025-04-23,Thousand Lights,7653,7310,183129.77
2025-04-23,Teynampet,8086,7898,259506.24
2025-04-23,Saidapet,10169,10692,324541.28
2025-04-23,Guindy,14089,13852,458872.94
2025-04-23,Alandur,18866,19701,814959.01
2025-04-23,Airport,10370,10124,471130.11
2025-04-23,Egmore,16991,16943,360023.4
2025-04-23,Nehru Park,6361,6121,141240.14
2025-04-23,CMBT,16799,17012,552736.48
2025-04-23,Koyambedu,9506,9644,306157.58
2025-04-23,Arumbakkam,7047,6555,218701.62
2025-04-23,Vadapalani,8689,9002,281881.77
2025-04-23,Ashok Nagar,8795,9191,370424.68
2025-04-23,Ekkattuthangal,5362,5468,218122.14
2025-04-23,St Thomas Mount,8049,8055,354628.21
2025-04-24,Washermanpet,4783,4559,107727.04
2025-04-24,Chennai Central,21823,20664,499199.73
2025-04-24,Government Estate,3879,3841,86599.23
2025-04-24,Thousand Lights,9114,8683,204668.83
2025-04-24,Teynampet,8827,9019,277942.78
2025-04-24,Saidapet,10519,11243,319922.65
2025-04-24,Guindy,13706,14264,446574.17
2025-04-24,Alandur,20134,19059,835649.46
2025-04-24,Airport,14293,15107,638503.99
2025-04-24,Egmore,13485,13952,295651.78
2025-04-24,Nehru Park,6683,7070,153892.96
2025-04-24,CMBT,18229,19250,564473.89
2025-04-24,Koyambedu,10882,10170,370873.79
2025-04-24,Arumbakkam,5936,5695,184294.34
2025-04-24,Vadapalani,11123,11174,353077.74
2025-04-24,Ashok Nagar,8475,8220,380456.75
2025-04-24,Ekkattuthangal,5470,5601,246324.12
2025-04-24,St Thomas Mount,6868,6658,312948.14
2025-04-25,Washermanpet,5670,5768,123970.52
2025-04-25,Chennai Central,23645,24462,511088.81
2025-04-25,Government Estate,3672,3919,79757.68
2025-04-25,Thousand Lights,8735,8875,193710.71
2025-04-25,Teynampet,7642,7208,233912.14
2025-04-25,Saidapet,11016,11145,345795.1
2025-04-25,Guindy,13154,13949,436427.02
2025-04-25,Alandur,20142,20219,847907.71
2025-04-25,Airport,11104,10798,515117.21
2025-04-25,Egmore,10990,11120,248897.37
2025-04-25,Nehru Park,6822,7275,151840.13
2025-04-25,CMBT,19954,20495,668328.17
2025-04-25,Koyambedu,11027,10246,346007.24
2025-04-25,Arumbakkam,6829,6373,218219.3
2025-04-25,Vadapalani,9787,9459,289860.66
2025-04-25,Ashok Nagar,8890,9136,396206.99
2025-04-25,Ekkattuthangal,5762,5526,257655.04
2025-04-25,St Thomas Mount,7640,7520,346054.6
2025-04-26,Washermanpet,3271,3205,74360.95
2025-04-26,Chennai Central,13145,13134,276893.59
2025-04-26,Government Estate,2708,2787,58503.05
2025-04-26,Thousand Lights,4468,4646,103999.54
2025-04-26,Teynampet,4617,4597,154194.56
2025-04-26,Saidapet,5991,5382,186781.35
2025-04-26,Guindy,8106,7666,259207.95
2025-04-26,Alandur,11535,10804,539941.24
2025-04-26,Airport,7309,7942,325077.88
2025-04-26,Egmore,11222,11261,251264.1
2025-04-26,Nehru Park,4351,4343,96659.17
2025-04-26,CMBT,10641,10364,357009.76
2025-04-26,Koyambedu,6724,7022,211205.12
2025-04-26,Arumbakkam,4670,4689,151661.85
2025-04-26,Vadapalani,6955,7099,221595.56
2025-04-26,Ashok Nagar,5206,5555,235518.88
2025-04-26,Ekkattuthangal,3272,3431,156220.83
2025-04-26,St Thomas Mount,4089,3969,171356.75
2025-04-27,Washermanpet,3764,3771,81334.6
2025-04-27,Chennai Central,13682,14615,316704.36
2025-04-27,Government Estate,2269,2314,51047.85
2025-04-27,Thousand Lights,5024,5034,111507.63
2025-04-27,Teynampet,4878,4642,159094.94
2025-04-27,Saidapet,5330,5347,170123.68
2025-04-27,Guindy,9674,10281,281826.17
2025-04-27,Alandur,12416,12229,535450.3
2025-04-27,Airport,7398,8088,306262.64
2025-04-27,Egmore,9772,10488,219121.16
2025-04-27,Nehru Park,3681,3730,83021.56
2025-04-27,CMBT,13077,11731,396367.5
2025-04-27,Koyambedu,7034,7106,222520.88
2025-04-27,Arumbakkam,3605,3608,113984.61
2025-04-27,Vadapalani,6179,6483,196522.23
2025-04-27,Ashok Nagar,4037,3977,178703.43
2025-04-27,Ekkattuthangal,3145,3077,134491.64
2025-04-27,St Thomas Mount,4529,4656,196806.11
2025-04-28,Washermanpet,5927,5958,138705.56
2025-04-28,Chennai Central,26596,26498,580385.01
2025-04-28,Government Estate,4152,4152,93734.74
2025-04-28,Thousand Lights,8666,8061,194961.78
2025-04-28,Teynampet,8247,7940,259971.57
2025-04-28,Saidapet,10250,11165,327292.19
2025-04-28,Guindy,13941,14082,448648.05
2025-04-28,Alandur,23122,22305,1047661.37
2025-04-28,Airport,13786,13377,583478.69
2025-04-28,Egmore,13514,11608,284198.3
2025-04-28,Nehru Park,6922,6713,150595.96
2025-04-28,CMBT,17331,17117,577528.4
2025-04-28,Koyambedu,10566,10777,341312.13
2025-04-28,Arumbakkam,5657,5557,182868.98
2025-04-28,Vadapalani,12416,11647,426154.06
2025-04-28,Ashok Nagar,8381,9181,371817.03
2025-04-28,Ekkattuthangal,4618,4907,208731.51
2025-04-28,St Thomas Mount,7265,7329,307697.43
2025-04-29,Washermanpet,6187,6525,132120.44
2025-04-29,Chennai Central,26866,27195,590908.5
2025-04-29,Government Estate,4142,4462,96896.79
2025-04-29,Thousand Lights,8178,7712,182361.61
2025-04-29,Teynampet,8187,8152,272234.73
2025-04-29,Saidapet,8354,8829,270294.86
2025-04-29,Guindy,15108,15120,511769.4
2025-04-29,Alandur,19296,19460,851073.84
2025-04-29,Airport,12516,12398,569458.57
2025-04-29,Egmore,16182,16373,353800.18
2025-04-29,Nehru Park,5768,5512,118311.0
2025-04-29,CMBT,15709,14428,487379.11
2025-04-29,Koyambedu,10139,11046,317972.23
2025-04-29,Arumbakkam,6623,6380,216577.93
2025-04-29,Vadapalani,10392,10802,314191.03
2025-04-29,Ashok Nagar,7781,7474,346853.89
2025-04-29,Ekkattuthangal,5457,5325,242866.49
2025-04-29,St Thomas Mount,7732,7805,335026.14
2025-04-30,Washermanpet,5213,5438,118211.09
2025-04-30,Chennai Central,25947,24262,575561.74
2025-04-30,Government Estate,3139,3301,68181.9
2025-04-30,Thousand Lights,7302,7074,155064.89
2025-04-30,Teynampet,7701,7684,263115.09
2025-04-30,Saidapet,8983,9096,269384.04
2025-04-30,Guindy,15581,14692,499751.79
2025-04-30,Alandur,19198,20143,861645.69
2025-04-30,Airport,12386,12915,562031.76
2025-04-30,Egmore,16737,16566,367528.93
2025-04-30,Nehru Park,5852,6147,130438.53
2025-04-30,CMBT,18780,18237,582990.86
2025-04-30,Koyambedu,11846,10969,378969.69
2025-04-30,Arumbakkam,5495,5320,181797.65
2025-04-30,Vadapalani,11081,11583,358061.32
2025-04-30,Ashok Nagar,8114,8256,347596.35
2025-04-30,Ekkattuthangal,5196,4947,229860.52
2025-04-30,St Thomas Mount,6905,6738,299422.94
2025-05-01,Washermanpet,5679,5896,121732.57
2025-05-01,Chennai Central,28285,28973,641676.19
2025-05-01,Government Estate,4070,4391,89457.32
2025-05-01,Thousand Lights,8784,8391,194341.48
2025-05-01,Teynampet,7937,7529,247246.9
2025-05-01,Saidapet,8310,8090,277570.4
2025-05-01,Guindy,14981,13928,469467.8
2025-05-01,Alandur,16590,16554,759824.25
2025-05-01,Airport,13117,13542,584356.61
2025-05-01,Egmore,12493,13454,271430.51
2025-05-01,Nehru Park,6051,5865,132074.07
2025-05-01,CMBT,14884,15617,490526.02
2025-05-01,Koyambedu,11606,12040,362556.74
2025-05-01,Arumbakkam,6780,6590,218090.64
2025-05-01,Vadapalani,10430,11691,326264.38
2025-05-01,Ashok Nagar,7074,7287,306934.03
2025-05-01,Ekkattuthangal,4238,4047,189611.42
2025-05-01,St Thomas Mount,6800,7255,299933.21
2025-05-02,Washermanpet,5148,4924,107018.02
2025-05-02,Chennai Central,24638,22098,543915.68
2025-05-02,Government Estate,4047,4322,88863.36
2025-05-02,Thousand Lights,8339,8323,178126.23
2025-05-02,Teynampet,8234,8599,264710.21
2025-05-02,Saidapet,9257,9094,311413.39
2025-05-02,Guindy,15790,15747,526704.99
2025-05-02,Alandur,19502,19821,832683.81
2025-05-02,Airport,13551,13213,602041.35
2025-05-02,Egmore,15683,14590,346691.79
2025-05-02,Nehru Park,6675,6413,141799.7
2025-05-02,CMBT,17224,17568,547278.85
2025-05-02,Koyambedu,13109,13278,414609.16
2025-05-02,Arumbakkam,7066,6834,238821.94
2025-05-02,Vadapalani,9276,8403,308069.65
2025-05-02,Ashok Nagar,7633,7034,351100.06
2025-05-02,Ekkattuthangal,5192,5347,226671.5
2025-05-02,St Thomas Mount,6972,6476,311168.28
2025-05-03,Washermanpet,3362,3275,70853.9
2025-05-03,Chennai Central,17150,16755,351686.63
2025-05-03,Government Estate,2709,2746,57859.12
2025-05-03,Thousand Lights,5985,5960,129240.36
2025-05-03,Teynampet,4430,4316,136970.25
2025-05-03,Saidapet,5860,6233,188644.82
2025-05-03,Guindy,9076,9401,295421.59
2025-05-03,Alandur,11036,10553,492752.87
2025-05-03,Airport,8294,8302,357913.96
2025-05-03,Egmore,10766,10728,239934.43
2025-05-03,Nehru Park,3395,3253,73411.9
2025-05-03,CMBT,10395,9622,333437.5
2025-05-03,Koyambedu,7041,7139,218253.66
2025-05-03,Arumbakkam,4619,4657,148121.45
2025-05-03,Vadapalani,5764,5446,180362.17
2025-05-03,Ashok Nagar,5108,5111,235885.35
2025-05-03,Ekkattuthangal,3314,3169,154495.25
2025-05-03,St Thomas Mount,4102,4040,178305.96
2025-05-04,Washermanpet,3560,3422,81927.7
2025-05-04,Chennai Central,15213,15535,335517.19
2025-05-04,Government Estate,2918,2887,60324.65
2025-05-04,Thousand Lights,5577,5290,125337.9
2025-05-04,Teynampet,5181,5427,166745.56
2025-05-04,Saidapet,5751,5475,184143.52
2025-05-04,Guindy,9231,9566,300430.75
2025-05-04,Alandur,10733,11487,443614.08
2025-05-04,Airport,6662,6706,282944.49
2025-05-04,Egmore,8909,9418,203710.03
2025-05-04,Nehru Park,3709,3556,80193.9
2025-05-04,CMBT,10409,10189,329926.49
2025-05-04,Koyambedu,7203,7293,225919.27
2025-05-04,Arumbakkam,4306,4622,136546.58
2025-05-04,Vadapalani,6134,6593,210532.98
2025-05-04,Ashok Nagar,4661,4908,219912.57
2025-05-04,Ekkattuthangal,3025,3078,135718.48
2025-05-04,St Thomas Mount,3832,3554,171522.02
2025-05-05,Washermanpet,5769,5767,121479.51
2025-05-05,Chennai Central,25454,23511,571820.78
2025-05-05,Government Estate,3487,3415,77153.72
2025-05-05,Thousand Lights,8773,8851,186403.62
2025-05-05,Teynampet,8590,7637,275614.94
2025-05-05,Saidapet,9537,9626,290631.21
2025-05-05,Guindy,14908,14029,484892.07
2025-05-05,Alandur,18163,17628,772129.36
2025-05-05,Airport,13267,12615,556330.68
2025-05-05,Egmore,15612,16293,329782.17
2025-05-05,Nehru Park,6945,7035,151725.24
2025-05-05,CMBT,15184,13650,452091.55
2025-05-05,Koyambedu,11558,11220,380804.16
2025-05-05,Arumbakkam,6713,6975,221311.14
2025-05-05,Vadapalani,11560,12067,352627.44
2025-05-05,Ashok Nagar,6737,7253,291565.42
2025-05-05,Ekkattuthangal,5606,5512,243718.42
2025-05-05,St Thomas Mount,8170,8123,361090.0
2025-05-06,Washermanpet,5525,5725,125390.67
2025-05-06,Chennai Central,21507,22313,467969.59
2025-05-06,Government Estate,4411,4029,99698.08
2025-05-06,Thousand Lights,7525,7074,155343.02
2025-05-06,Teynampet,7451,7230,236040.2
2025-05-06,Saidapet,10975,11372,333632.29
2025-05-06,Guindy,13171,13624,404129.19
2025-05-06,Alandur,19533,18269,878703.25
2025-05-06,Airport,13329,14617,600911.07
2025-05-06,Egmore,14298,13878,319359.41
2025-05-06,Nehru Park,5397,5250,116360.13
2025-05-06,CMBT,15796,16016,509504.2
2025-05-06,Koyambedu,10025,8633,321510.92
2025-05-06,Arumbakkam,5958,5565,196062.26
2025-05-06,Vadapalani,10297,10897,326625.46
2025-05-06,Ashok Nagar,7771,7635,343473.63
2025-05-06,Ekkattuthangal,4771,4717,210261.74
2025-05-06,St Thomas Mount,6729,7043,304461.19
2025-05-07,Washermanpet,5521,5523,115223.34
2025-05-07,Chennai Central,24204,25080,535223.4
2025-05-07,Government Estate,4216,3795,91824.62
2025-05-07,Thousand Lights,8719,8795,196939.13
2025-05-07,Teynampet,6459,5968,204238.16
2025-05-07,Saidapet,10494,10612,330618.23
2025-05-07,Guindy,12836,12673,411371.31
2025-05-07,Alandur,18365,18377,805479.63
2025-05-07,Airport,13003,13559,582063.65
2025-05-07,Egmore,13919,14470,315268.75
2025-05-07,Nehru Park,5879,6126,129605.3
2025-05-07,CMBT,15872,16203,501122.56
2025-05-07,Koyambedu,11007,11615,347324.69
2025-05-07,Arumbakkam,8289,8858,268816.86
2025-05-07,Vadapalani,11423,12011,357604.78
2025-05-07,Ashok Nagar,7619,7582,334385.27
2025-05-07,Ekkattuthangal,4720,4285,206692.59
2025-05-07,St Thomas Mount,8128,7928,350837.63
2025-05-08,Washermanpet,5780,5631,128448.68
2025-05-08,Chennai Central,25954,26199,580561.79
2025-05-08,Government Estate,4175,4257,92217.51
2025-05-08,Thousand Lights,7241,7224,166014.22
2025-05-08,Teynampet,8886,8699,287564.31
2025-05-08,Saidapet,9369,9718,293037.31
2025-05-08,Guindy,13052,13007,404579.91
2025-05-08,Alandur,20480,20061,892953.63
2025-05-08,Airport,12334,13166,539483.28
2025-05-08,Egmore,15303,14918,331972.14
2025-05-08,Nehru Park,5896,6155,132753.95
2025-05-08,CMBT,17105,16875,529638.36
2025-05-08,Koyambedu,10656,10308,350395.88
2025-05-08,Arumbakkam,6644,6409,218783.87
2025-05-08,Vadapalani,9459,10211,292390.46
2025-05-08,Ashok Nagar,8021,8129,358435.78
2025-05-08,Ekkattuthangal,5622,5415,248796.36
2025-05-08,St Thomas Mount,6832,7195,304767.61
2025-05-09,Washermanpet,5007,4389,108604.01
2025-05-09,Chennai Central,26105,27929,561479.74
2025-05-09,Government Estate,3708,3869,79218.64
2025-05-09,Thousand Lights,8541,8491,193981.83
2025-05-09,Teynampet,7425,7203,240918.44
2025-05-09,Saidapet,9707,9973,316228.36
2025-05-09,Guindy,14071,15204,452111.68
2025-05-09,Alandur,19322,20127,846910.24
2025-05-09,Airport,12914,12310,553898.8
2025-05-09,Egmore,15895,15962,360334.13
2025-05-09,Nehru Park,5666,5432,126020.13
2025-05-09,CMBT,17193,18080,573156.35
2025-05-09,Koyambedu,11166,12084,352613.1
2025-05-09,Arumbakkam,6740,6870,205721.07
2025-05-09,Vadapalani,13176,13526,440508.87
2025-05-09,Ashok Nagar,8108,8301,363961.76
2025-05-09,Ekkattuthangal,4443,3968,202807.04
2025-05-09,St Thomas Mount,7324,7199,304775.22
2025-05-10,Washermanpet,3541,3578,78742.46
2025-05-10,Chennai Central,16306,16672,364524.2
2025-05-10,Government Estate,2527,2624,57006.84
2025-05-10,Thousand Lights,5064,5004,110533.3
2025-05-10,Teynampet,5589,5024,174012.31
2025-05-10,Saidapet,6123,6272,188182.72
2025-05-10,Guindy,8407,9015,261546.47
2025-05-10,Alandur,11059,10840,494331.38
2025-05-10,Airport,7376,7807,313367.48
2025-05-10,Egmore,8999,9258,192967.38
2025-05-10,Nehru Park,3656,3379,78570.0
2025-05-10,CMBT,9861,10751,321939.59
2025-05-10,Koyambedu,7926,7919,242853.08
2025-05-10,Arumbakkam,3900,3858,126657.53
2025-05-10,Vadapalani,5807,5650,177803.95
2025-05-10,Ashok Nagar,4725,4722,204866.05
2025-05-10,Ekkattuthangal,3181,3332,137695.67
2025-05-10,St Thomas Mount,4654,4682,208610.95
2025-05-11,Washermanpet,3197,3226,74028.82
2025-05-11,Chennai Central,12055,12804,253835.98
2025-05-11,Government Estate,2393,2357,51010.82
2025-05-11,Thousand Lights,5706,5667,117183.81
2025-05-11,Teynampet,5030,5048,157808.32
2025-05-11,Saidapet,5087,4904,158175.19
2025-05-11,Guindy,10222,10799,338161.4
2025-05-11,Alandur,12760,13100,565071.05
2025-05-11,Airport,8183,7862,361702.96
2025-05-11,Egmore,9048,8164,201418.43
2025-05-11,Nehru Park,3460,3782,80213.83
2025-05-11,CMBT,11875,12479,376501.36
2025-05-11,Koyambedu,7595,7490,251539.01
2025-05-11,Arumbakkam,3892,3775,123600.5
2025-05-11,Vadapalani,6156,6184,185826.59
2025-05-11,Ashok Nagar,4022,3723,169246.0
2025-05-11,Ekkattuthangal,3042,3056,141174.17
2025-05-11,St Thomas Mount,4317,4350,196772.91
2025-05-12,Washermanpet,6592,6049,147912.15
2025-05-12,Chennai Central,23402,23667,516179.29
2025-05-12,Government Estate,3829,3991,83355.44
2025-05-12,Thousand Lights,8065,8267,169745.65
2025-05-12,Teynampet,8836,8678,278666.05
2025-05-12,Saidapet,9096,9642,308827.2
2025-05-12,Guindy,15780,16874,514951.99
2025-05-12,Alandur,17644,17077,781802.0
2025-05-12,Airport,13061,13185,594857.19
2025-05-12,Egmore,14068,15354,309597.31
2025-05-12,Nehru Park,6493,6455,145120.22
2025-05-12,CMBT,15650,15196,471135.79
2025-05-12,Koyambedu,11914,11496,368975.51
2025-05-12,Arumbakkam,6618,6848,194647.93
2025-05-12,Vadapalani,10654,10585,345352.07
2025-05-12,Ashok Nagar,7469,7496,352524.94
2025-05-12,Ekkattuthangal,5249,4974,215560.7
2025-05-12,St Thomas Mount,6920,7167,309616.21
2025-05-13,Washermanpet,5436,5234,118241.49
2025-05-13,Chennai Central,23139,21311,509729.19
2025-05-13,Government Estate,4737,4655,101243.51
2025-05-13,Thousand Lights,8490,8485,195141.34
2025-05-13,Teynampet,7542,7871,244680.55
2025-05-13,Saidapet,8098,8147,260736.4
2025-05-13,Guindy,13010,13546,417637.31
2025-05-13,Alandur,18758,18792,804568.54
2025-05-13,Airport,12554,11450,522233.25
2025-05-13,Egmore,15109,14794,317042.94
2025-05-13,Nehru Park,5507,5664,125283.97
2025-05-13,CMBT,16843,18930,482130.54
2025-05-13,Koyambedu,9272,9815,285985.49
2025-05-13,Arumbakkam,5954,5338,192492.21
2025-05-13,Vadapalani,9165,8666,286731.98
2025-05-13,Ashok Nagar,8416,7942,374217.93
2025-05-13,Ekkattuthangal,4387,4407,197150.17
2025-05-13,St Thomas Mount,6698,6952,309612.58
2025-05-14,Washermanpet,5134,5462,110357.53
2025-05-14,Chennai Central,24778,26834,552315.03
2025-05-14,Government Estate,4116,4030,92044.3
2025-05-14,Thousand Lights,7567,7437,164109.84
2025-05-14,Teynampet,7842,7804,258956.19
2025-05-14,Saidapet,9868,9915,312095.21
2025-05-14,Guindy,13864,14883,435202.74
2025-05-14,Alandur,19530,20105,884910.3
2025-05-14,Airport,11721,11292,504596.99
2025-05-14,Egmore,17138,16844,377390.35
2025-05-14,Nehru Park,6084,6055,128871.1
2025-05-14,CMBT,16097,15275,506660.94
2025-05-14,Koyambedu,11159,10778,355484.31
2025-05-14,Arumbakkam,6951,7204,224110.26
2025-05-14,Vadapalani,9952,10301,323907.97
2025-05-14,Ashok Nagar,8451,9013,357310.72
2025-05-14,Ekkattuthangal,5720,5593,262208.17
2025-05-14,St Thomas Mount,6672,6806,299145.98
2025-05-15,Washermanpet,5954,6483,137109.26
2025-05-15,Chennai Central,23423,22906,534864.71
2025-05-15,Government Estate,3393,3315,80844.68
2025-05-15,Thousand Lights,8929,9824,196625.5
2025-05-15,Teynampet,9327,9625,296422.57
2025-05-15,Saidapet,7727,7708,256228.61
2025-05-15,Guindy,13820,14365,436386.14
2025-05-15,Alandur,20233,21604,866443.1
2025-05-15,Airport,12746,13087,564974.74
2025-05-15,Egmore,14650,13926,337281.51
2025-05-15,Nehru Park,6432,6375,142158.65
2025-05-15,CMBT,15080,15381,494315.72
2025-05-15,Koyambedu,11600,11228,369881.57
2025-05-15,Arumbakkam,6746,7083,217442.17
2025-05-15,Vadapalani,10051,9830,320293.04
2025-05-15,Ashok Nagar,8039,7436,353275.06
2025-05-15,Ekkattuthangal,5338,5141,228888.18
2025-05-15,St Thomas Mount,7385,7462,337635.55
2025-05-16,Washermanpet,5931,5766,131982.78
2025-05-16,Chennai Central,21857,21886,503040.69
2025-05-16,Government Estate,3702,3985,80683.88
2025-05-16,Thousand Lights,8564,8334,184344.4
2025-05-16,Teynampet,9081,8337,284366.41
2025-05-16,Saidapet,9673,10118,310617.38
2025-05-16,Guindy,13697,12765,450189.92
2025-05-16,Alandur,19595,19184,854112.46
2025-05-16,Airport,14280,13954,628293.86
2025-05-16,Egmore,12985,12164,276833.21
2025-05-16,Nehru Park,6253,6154,132450.49
2025-05-16,CMBT,16423,16539,524880.0
2025-05-16,Koyambedu,12700,12310,408095.14
2025-05-16,Arumbakkam,5288,5102,174279.65
2025-05-16,Vadapalani,10771,11606,352004.28
2025-05-16,Ashok Nagar,7741,8128,343613.94
2025-05-16,Ekkattuthangal,5550,5846,255933.78
2025-05-16,St Thomas Mount,8084,7929,348554.38
2025-05-17,Washermanpet,3483,3648,78782.81
2025-05-17,Chennai Central,13664,12446,309428.22
2025-05-17,Government Estate,2827,2549,65698.34
2025-05-17,Thousand Lights,4864,4647,102334.49
2025-05-17,Teynampet,4679,4868,152706.08
2025-05-17,Saidapet,6228,6605,199245.44
2025-05-17,Guindy,7426,7801,235184.08
2025-05-17,Alandur,10849,10254,483525.04
2025-05-17,Airport,6915,6913,289263.31
2025-05-17,Egmore,9998,9716,218121.39
2025-05-17,Nehru Park,3431,3560,77020.77
2025-05-17,CMBT,9640,9406,319270.29
2025-05-17,Koyambedu,7047,6218,235867.68
2025-05-17,Arumbakkam,4813,4896,156580.93
2025-05-17,Vadapalani,6486,6523,201305.66
2025-05-17,Ashok Nagar,4576,4773,202553.48
2025-05-17,Ekkattuthangal,2647,2721,115215.66
2025-05-17,St Thomas Mount,4615,4394,209024.92
2025-05-18,Washermanpet,2808,2762,62905.08
2025-05-18,Chennai Central,16115,15557,364379.96
2025-05-18,Government Estate,2561,2612,56453.87
2025-05-18,Thousand Lights,6291,6378,139581.7
2025-05-18,Teynampet,5366,5254,174640.15
2025-05-18,Saidapet,6947,6943,210985.91
2025-05-18,Guindy,7938,7941,246121.63
2025-05-18,Alandur,12787,12952,554693.92
2025-05-18,Airport,6567,6699,285077.45
2025-05-18,Egmore,9712,9389,218840.98
2025-05-18,Nehru Park,4096,3990,89698.42
2025-05-18,CMBT,9147,8964,279397.37
2025-05-18,Koyambedu,7594,7594,246156.94
2025-05-18,Arumbakkam,3814,3851,125183.74
2025-05-18,Vadapalani,6179,6505,203439.57
2025-05-18,Ashok Nagar,4493,3972,189986.6
2025-05-18,Ekkattuthangal,2784,2639,115670.79
2025-05-18,St Thomas Mount,3873,3991,170039.48
2025-05-19,Washermanpet,5831,5889,133929.26
2025-05-19,Chennai Central,26260,23822,580390.12
2025-05-19,Government Estate,4267,4396,94507.35
2025-05-19,Thousand Lights,8586,8673,189101.41
2025-05-19,Teynampet,8536,8433,256328.93
2025-05-19,Saidapet,9817,10138,309851.88
2025-05-19,Guindy,14934,15501,506471.47
2025-05-19,Alandur,21287,20648,922917.18
2025-05-19,Airport,13178,12777,597544.71
2025-05-19,Egmore,17380,17408,367370.8
2025-05-19,Nehru Park,6498,6580,147790.65
2025-05-19,CMBT,13868,13398,438926.73
2025-05-19,Koyambedu,11883,12032,362066.52
2025-05-19,Arumbakkam,6007,5682,184143.14
2025-05-19,Vadapalani,11019,10396,351198.24
2025-05-19,Ashok Nagar,7061,6962,311770.9
2025-05-19,Ekkattuthangal,5442,5344,248665.52
2025-05-19,St Thomas Mount,6576,6521,288772.84
2025-05-20,Washermanpet,4756,4445,109709.5
2025-05-20,Chennai Central,20923,21057,473023.93
2025-05-20,Government Estate,4312,4257,92546.9
2025-05-20,Thousand Lights,9181,9457,202155.83
2025-05-20,Teynampet,8276,8083,267909.29
2025-05-20,Saidapet,9410,9449,322978.75
2025-05-20,Guindy,15721,14996,498540.81
2025-05-20,Alandur,18422,18105,810193.67
2025-05-20,Airport,12601,12953,537945.2
2025-05-20,Egmore,16649,16202,371559.56
2025-05-20,Nehru Park,5702,5402,124935.33
2025-05-20,CMBT,20187,18971,623271.7
2025-05-20,Koyambedu,8718,8795,267873.2
2025-05-20,Arumbakkam,6765,6556,213939.66
2025-05-20,Vadapalani,10695,11077,332556.23
2025-05-20,Ashok Nagar,8076,8229,360446.6
2025-05-20,Ekkattuthangal,4804,4378,215067.74
2025-05-20,St Thomas Mount,6279,5903,274747.68
2025-05-21,Washermanpet,4959,4648,107566.15
2025-05-21,Chennai Central,24665,24462,539329.06
2025-05-21,Government Estate,3574,3780,78300.56
2025-05-21,Thousand Lights,8152,8620,181764.39
2025-05-21,Teynampet,7184,6756,228833.29
2025-05-21,Saidapet,9452,9038,308690.84
2025-05-21,Guindy,10362,10933,336494.05
2025-05-21,Alandur,18695,18307,852158.4
2025-05-21,Airport,12034,11241,537449.07
2025-05-21,Egmore,12491,12177,288177.05
2025-05-21,Nehru Park,5591,5878,122965.8
2025-05-21,CMBT,14016,13775,437667.81
2025-05-21,Koyambedu,10897,10941,343519.81
2025-05-21,Arumbakkam,5806,6476,182430.48
2025-05-21,Vadapalani,9346,9698,299190.22
2025-05-21,Ashok Nagar,7096,7330,305973.92
2025-05-21,Ekkattuthangal,5164,4786,238130.38
2025-05-21,St Thomas Mount,6747,7255,285300.48
2025-05-22,Washermanpet,5933,6292,130703.35
2025-05-22,Chennai Central,22056,22348,465603.26
2025-05-22,Government Estate,3378,3257,72385.82
2025-05-22,Thousand Lights,8507,8640,193455.76
2025-05-22,Teynampet,8383,8723,263726.24
2025-05-22,Saidapet,11085,11873,361594.83
2025-05-22,Guindy,13746,14076,441697.95
2025-05-22,Alandur,17291,18210,761296.88
2025-05-22,Airport,11762,12471,542444.3
2025-05-22,Egmore,11603,11156,254113.73
2025-05-22,Nehru Park,5639,5397,123892.3
2025-05-22,CMBT,16416,15251,516434.99
2025-05-22,Koyambedu,11514,11286,362628.49
2025-05-22,Arumbakkam,6568,6389,211333.0
2025-05-22,Vadapalani,9102,10386,287451.47
2025-05-22,Ashok Nagar,7196,7193,326793.68
2025-05-22,Ekkattuthangal,4153,4562,195202.84
2025-05-22,St Thomas Mount,7393,7398,337921.98
2025-05-23,Washermanpet,5385,5107,117058.17
2025-05-23,Chennai Central,23500,25088,506709.63
2025-05-23,Government Estate,3591,3566,77121.03
2025-05-23,Thousand Lights,8448,9138,187821.58
2025-05-23,Teynampet,8061,8079,258135.28
2025-05-23,Saidapet,8605,8169,267662.05
2025-05-23,Guindy,15229,16453,463980.47
2025-05-23,Alandur,15348,15674,676503.14
2025-05-23,Airport,10396,11108,445833.24
2025-05-23,Egmore,15027,14963,332045.0
2025-05-23,Nehru Park,7340,7706,152992.71
2025-05-23,CMBT,15993,14925,516189.82
2025-05-23,Koyambedu,10035,9896,316686.87
2025-05-23,Arumbakkam,6831,6724,216297.89
2025-05-23,Vadapalani,9452,9701,295711.07
2025-05-23,Ashok Nagar,6489,5912,292882.09
2025-05-23,Ekkattuthangal,5202,5401,228272.88
2025-05-23,St Thomas Mount,7504,7522,331919.04
2025-05-24,Washermanpet,3026,3018,67890.34
2025-05-24,Chennai Central,13376,14838,291776.6
2025-05-24,Government Estate,2336,2353,51187.69
2025-05-24,Thousand Lights,6091,6508,134099.13
2025-05-24,Teynampet,5145,5107,161704.07
2025-05-24,Saidapet,6260,6392,201482.47
2025-05-24,Guindy,10100,9611,312558.89
2025-05-24,Alandur,11355,11175,501580.83
2025-05-24,Airport,7106,8129,317846.5
2025-05-24,Egmore,8513,8313,194559.52
2025-05-24,Nehru Park,3500,3505,75760.07
2025-05-24,CMBT,9258,9184,285500.81
2025-05-24,Koyambedu,6612,6317,205509.05
2025-05-24,Arumbakkam,3899,3893,130284.87
2025-05-24,Vadapalani,6724,6455,211676.98
2025-05-24,Ashok Nagar,4374,4495,204319.27
2025-05-24,Ekkattuthangal,2914,3188,125617.77
2025-05-24,St Thomas Mount,4731,4434,201008.01
2025-05-25,Washermanpet,4007,3894,90607.43
2025-05-25,Chennai Central,13386,13319,283972.49
2025-05-25,Government Estate,2403,2456,54114.35
2025-05-25,Thousand Lights,6139,6197,134140.82
2025-05-25,Teynampet,5175,4958,167354.02
2025-05-25,Saidapet,5261,5371,170774.84
2025-05-25,Guindy,8249,8606,263725.27
2025-05-25,Alandur,10785,11325,492496.85
2025-05-25,Airport,8808,8985,378616.1
2025-05-25,Egmore,9163,9539,204993.72
2025-05-25,Nehru Park,3408,3571,75200.7
2025-05-25,CMBT,11198,11513,371127.88
2025-05-25,Koyambedu,7660,6850,251067.84
2025-05-25,Arumbakkam,3974,4181,129939.45
2025-05-25,Vadapalani,7786,8164,251868.89
2025-05-25,Ashok Nagar,4822,4737,200415.06
2025-05-25,Ekkattuthangal,3153,3439,136909.5
2025-05-25,St Thomas Mount,5090,4798,226858.98
2025-05-26,Washermanpet,5907,5491,134771.82
2025-05-26,Chennai Central,22684,23483,485055.48
2025-05-26,Government Estate,3972,3859,89846.51
2025-05-26,Thousand Lights,8648,8538,183700.46
2025-05-26,Teynampet,8393,7923,269800.09
2025-05-26,Saidapet,10816,10321,332867.17
2025-05-26,Guindy,12787,12874,405173.38
2025-05-26,Alandur,17343,16657,778405.12
2025-05-26,Airport,11222,11156,475522.29
2025-05-26,Egmore,12789,14529,277506.0
2025-05-26,Nehru Park,6292,6130,138709.77
2025-05-26,CMBT,14712,15678,470454.9
2025-05-26,Koyambedu,10977,10716,341917.5
2025-05-26,Arumbakkam,6082,6011,194380.31
2025-05-26,Vadapalani,10408,9623,317254.16
2025-05-26,Ashok Nagar,8720,8496,374734.75
2025-05-26,Ekkattuthangal,4876,4979,227281.7
2025-05-26,St Thomas Mount,7794,7817,353266.46
2025-05-27,Washermanpet,5826,5935,128634.44
2025-05-27,Chennai Central,26912,26075,611367.17
2025-05-27,Government Estate,4017,3795,85304.02
2025-05-27,Thousand Lights,9027,9615,199710.41
2025-05-27,Teynampet,7245,6993,236338.64
2025-05-27,Saidapet,8736,9135,291042.51
2025-05-27,Guindy,12295,11335,386815.65
2025-05-27,Alandur,17879,18455,785995.28
2025-05-27,Airport,12386,12753,570005.03
2025-05-27,Egmore,14892,14978,330227.9
2025-05-27,Nehru Park,5401,5340,115038.0
2025-05-27,CMBT,14097,14264,440383.65
2025-05-27,Koyambedu,10002,9891,326005.88
2025-05-27,Arumbakkam,7213,6919,239847.53
2025-05-27,Vadapalani,11147,10715,362592.9
2025-05-27,Ashok Nagar,6844,7151,300903.13
2025-05-27,Ekkattuthangal,5359,5261,231456.23
2025-05-27,St Thomas Mount,5827,5817,266459.78
2025-05-28,Washermanpet,5747,5884,127999.49
2025-05-28,Chennai Central,22811,22161,492787.34
2025-05-28,Government Estate,3647,3505,79326.7
2025-05-28,Thousand Lights,9050,9141,200411.94
2025-05-28,Teynampet,7702,7500,241669.32
2025-05-28,Saidapet,10593,11044,335824.09
2025-05-28,Guindy,14675,14438,465510.67
2025-05-28,Alandur,19085,19187,785423.98
2025-05-28,Airport,11942,12994,518702.22
2025-05-28,Egmore,15376,16680,312257.16
2025-05-28,Nehru Park,5611,5371,132679.1
2025-05-28,CMBT,18114,18560,578746.66
2025-05-28,Koyambedu,9206,9072,308376.95
2025-05-28,Arumbakkam,6427,6540,200217.91
2025-05-28,Vadapalani,9846,10634,311936.52
2025-05-28,Ashok Nagar,7534,7600,348940.57
2025-05-28,Ekkattuthangal,5238,4690,232241.62
2025-05-28,St Thomas Mount,8362,7782,374782.0
2025-05-29,Washermanpet,4900,4736,104328.9
2025-05-29,Chennai Central,21088,21377,489034.78
2025-05-29,Government Estate,4218,4250,90525.74
2025-05-29,Thousand Lights,8640,8119,185288.5
2025-05-29,Teynampet,7986,8038,255041.62
2025-05-29,Saidapet,9558,9816,306708.28
2025-05-29,Guindy,14481,14151,468629.44
2025-05-29,Alandur,20395,18977,904786.04
2025-05-29,Airport,12495,13607,580134.56
2025-05-29,Egmore,16714,16353,366224.41
2025-05-29,Nehru Park,6346,6896,140779.5
2025-05-29,CMBT,16268,15527,517677.3
2025-05-29,Koyambedu,9994,10444,335825.6
2025-05-29,Arumbakkam,5854,5400,196747.95
2025-05-29,Vadapalani,10445,10366,351148.21
2025-05-29,Ashok Nagar,7326,6940,317697.44
2025-05-29,Ekkattuthangal,4979,4886,217476.13
2025-05-29,St Thomas Mount,7816,7312,348984.53
2025-05-30,Washermanpet,5705,5793,128962.87
2025-05-30,Chennai Central,22866,21739,504058.01
2025-05-30,Government Estate,3943,3843,88558.35
2025-05-30,Thousand Lights,7791,7425,177168.54
2025-05-30,Teynampet,9019,8898,297731.02
2025-05-30,Saidapet,9162,10495,292441.37
2025-05-30,Guindy,12217,12203,392225.03
2025-05-30,Alandur,20041,21774,861146.64
2025-05-30,Airport,13667,14355,575764.71
2025-05-30,Egmore,17048,16033,372973.16
2025-05-30,Nehru Park,5523,5610,119708.07
2025-05-30,CMBT,16588,17216,516245.26
2025-05-30,Koyambedu,11807,11917,369217.02
2025-05-30,Arumbakkam,7657,7385,250007.47
2025-05-30,Vadapalani,10740,10659,331325.54
2025-05-30,Ashok Nagar,7418,7044,306293.6
2025-05-30,Ekkattuthangal,5013,5061,222566.5
2025-05-30,St Thomas Mount,7713,7451,338035.19
2025-05-31,Washermanpet,3362,3418,71773.06
2025-05-31,Chennai Central,16424,16504,357644.13
2025-05-31,Government Estate,2735,2618,59874.12
2025-05-31,Thousand Lights,5524,5576,123737.8
2025-05-31,Teynampet,5971,5910,196673.69
2025-05-31,Saidapet,5536,5276,164840.39
2025-05-31,Guindy,9464,8805,316291.01
2025-05-31,Alandur,10167,10370,462017.99
2025-05-31,Airport,8625,8649,392958.73
2025-05-31,Egmore,9903,9867,212031.14
2025-05-31,Nehru Park,4124,4003,89146.98
2025-05-31,CMBT,10063,11174,312970.24
2025-05-31,Koyambedu,6852,6490,215788.69
2025-05-31,Arumbakkam,4483,4390,139614.03
2025-05-31,Vadapalani,6570,7006,209218.58
2025-05-31,Ashok Nagar,5248,5564,227518.09
2025-05-31,Ekkattuthangal,3205,3208,139872.35
2025-05-31,St Thomas Mount,4665,4317,204985.28
2025-06-01,Washermanpet,2846,3064,62645.45
2025-06-01,Chennai Central,14177,15179,320806.48
2025-06-01,Government Estate,2673,2655,60367.7
2025-06-01,Thousand Lights,5027,4971,110878.64
2025-06-01,Teynampet,4885,4355,157770.62
2025-06-01,Saidapet,5834,6286,185244.58
2025-06-01,Guindy,7911,8092,254173.78
2025-06-01,Alandur,9820,10363,446578.64
2025-06-01,Airport,7753,7767,341827.37
2025-06-01,Egmore,8706,9012,196749.04
2025-06-01,Nehru Park,3703,3696,81131.07
2025-06-01,CMBT,10156,9881,332746.73
2025-06-01,Koyambedu,6505,6730,209126.57
2025-06-01,Arumbakkam,4549,4455,148702.12
2025-06-01,Vadapalani,6596,6877,209060.53
2025-06-01,Ashok Nagar,4723,4613,214839.35
2025-06-01,Ekkattuthangal,3141,3149,139401.63
2025-06-01,St Thomas Mount,4329,4140,193734.23
2025-06-02,Washermanpet,4606,4638,101888.63
2025-06-02,Chennai Central,27431,28293,584354.02
2025-06-02,Government Estate,4300,4457,94340.06
2025-06-02,Thousand Lights,8807,8535,197394.48
2025-06-02,Teynampet,7481,7497,231465.77
2025-06-02,Saidapet,8902,9403,283394.18
2025-06-02,Guindy,13566,13961,439133.41
2025-06-02,Alandur,17531,17882,786010.49
2025-06-02,Airport,12553,12623,547563.04
2025-06-02,Egmore,12496,12780,285396.58
2025-06-02,Nehru Park,5945,5718,130124.54
2025-06-02,CMBT,16500,17062,512919.53
2025-06-02,Koyambedu,11253,10511,357920.36
2025-06-02,Arumbakkam,6374,6349,211764.48
2025-06-02,Vadapalani,10181,9685,325315.34
2025-06-02,Ashok Nagar,6900,6685,332086.53
2025-06-02,Ekkattuthangal,3615,3788,157885.43
2025-06-02,St Thomas Mount,6726,6477,314224.34
2025-06-03,Washermanpet,6877,6265,149064.35
2025-06-03,Chennai Central,24403,24221,504721.84
2025-06-03,Government Estate,2865,2798,64412.97
2025-06-03,Thousand Lights,7023,6967,157017.82
2025-06-03,Teynampet,6846,6572,217678.93
2025-06-03,Saidapet,8821,8889,271986.95
2025-06-03,Guindy,12564,12758,397859.56
2025-06-03,Alandur,19198,20943,842345.76
2025-06-03,Airport,11045,10810,495229.22
2025-06-03,Egmore,13126,14311,299722.83
2025-06-03,Nehru Park,4730,4668,104086.89
2025-06-03,CMBT,17094,17006,537142.99
2025-06-03,Koyambedu,10961,9940,356434.33
2025-06-03,Arumbakkam,4608,4564,150280.46
2025-06-03,Vadapalani,11307,10903,379003.64
2025-06-03,Ashok Nagar,7205,7326,319178.84
2025-06-03,Ekkattuthangal,4666,4800,205830.29
2025-06-03,St Thomas Mount,6104,6164,267007.44
2025-06-04,Washermanpet,6253,6037,136545.81
2025-06-04,Chennai Central,21278,20403,471986.07
2025-06-04,Government Estate,4417,4714,98197.86
2025-06-04,Thousand Lights,8526,7984,185015.52
2025-06-04,Teynampet,6512,5984,205112.05
2025-06-04,Saidapet,9693,10001,304514.82
2025-06-04,Guindy,15101,16404,488200.92
2025-06-04,Alandur,20563,20909,893938.06
2025-06-04,Airport,10709,10655,482906.57
2025-06-04,Egmore,12921,11966,287274.94
2025-06-04,Nehru Park,5812,5943,122005.86
2025-06-04,CMBT,17739,17466,569463.62
2025-06-04,Koyambedu,11521,12016,345203.09
2025-06-04,Arumbakkam,6256,6121,221046.42
2025-06-04,Vadapalani,9340,9904,300356.99
2025-06-04,Ashok Nagar,6477,6231,282879.3
2025-06-04,Ekkattuthangal,4339,4289,192155.66
2025-06-04,St Thomas Mount,5855,6286,258645.65
2025-06-05,Washermanpet,5561,5202,120840.36
2025-06-05,Chennai Central,26052,25847,585268.45
2025-06-05,Government Estate,4411,4798,98660.76
2025-06-05,Thousand Lights,7992,7329,166025.91
2025-06-05,Teynampet,7515,7451,238245.45
2025-06-05,Saidapet,9421,9756,299137.36
2025-06-05,Guindy,13162,13952,415781.95
2025-06-05,Alandur,19411,20131,849312.93
2025-06-05,Airport,12654,11725,582899.73
2025-06-05,Egmore,15701,16384,357539.6
2025-06-05,Nehru Park,6101,5815,130189.78
2025-06-05,CMBT,16403,16841,523385.57
2025-06-05,Koyambedu,9680,10107,321409.71
2025-06-05,Arumbakkam,6660,6472,225535.26
2025-06-05,Vadapalani,10680,10782,357012.79
2025-06-05,Ashok Nagar,7930,7355,342191.17
2025-06-05,Ekkattuthangal,4454,5155,192495.7
2025-06-05,St Thomas Mount,6564,6455,291474.07
2025-06-06,Washermanpet,4338,4958,94664.73
2025-06-06,Chennai Central,26559,26721,596580.29
2025-06-06,Government Estate,4218,4135,90814.84
2025-06-06,Thousand Lights,7700,7805,171000.73
2025-06-06,Teynampet,9053,8667,282439.84
2025-06-06,Saidapet,8491,8611,276733.11
2025-06-06,Guindy,14186,14085,471655.17
2025-06-06,Alandur,17905,19175,788256.69
2025-06-06,Airport,11445,11118,499071.11
2025-06-06,Egmore,17835,16392,393059.0
2025-06-06,Nehru Park,5707,5579,128187.74
2025-06-06,CMBT,16600,17746,517015.56
2025-06-06,Koyambedu,11819,12938,372769.0
2025-06-06,Arumbakkam,5962,6059,182984.85
2025-06-06,Vadapalani,9803,9505,303679.44
2025-06-06,Ashok Nagar,7154,7779,297809.25
2025-06-06,Ekkattuthangal,5101,5050,222095.94
2025-06-06,St Thomas Mount,7073,7116,296817.46
2025-06-07,Washermanpet,3059,3378,68994.05
2025-06-07,Chennai Central,13246,12687,283882.15
2025-06-07,Government Estate,2088,2156,46510.18
2025-06-07,Thousand Lights,4664,4435,105640.47
2025-06-07,Teynampet,4918,4943,157334.95
2025-06-07,Saidapet,5398,5566,178049.42
2025-06-07,Guindy,7974,8464,254075.71
2025-06-07,Alandur,11493,11399,490884.96
2025-06-07,Airport,7274,7150,316284.38
2025-06-07,Egmore,9031,9400,192462.74
2025-06-07,Nehru Park,3691,3701,80279.57
2025-06-07,CMBT,9374,9133,308858.27
2025-06-07,Koyambedu,5849,5633,194192.09
2025-06-07,Arumbakkam,3690,3758,125326.55
2025-06-07,Vadapalani,7644,7083,242835.55
2025-06-07,Ashok Nagar,3408,3529,148155.89
2025-06-07,Ekkattuthangal,2962,3038,129869.68
2025-06-07,St Thomas Mount,4277,4548,180951.75
2025-06-08,Washermanpet,3431,3408,75228.59
2025-06-08,Chennai Central,14068,13805,309287.66
2025-06-08,Government Estate,2136,2128,46882.85
2025-06-08,Thousand Lights,4657,4923,105783.31
2025-06-08,Teynampet,4304,4625,133337.6
2025-06-08,Saidapet,4824,5051,150031.02
2025-06-08,Guindy,8438,8457,268754.09
2025-06-08,Alandur,13278,13596,580126.04
2025-06-08,Airport,6043,6492,269276.68
2025-06-08,Egmore,8835,8650,200974.9
2025-06-08,Nehru Park,2885,2931,61499.92
2025-06-08,CMBT,9358,8629,297715.46
2025-06-08,Koyambedu,7190,6930,233257.46
2025-06-08,Arumbakkam,4343,4797,138076.97
2025-06-08,Vadapalani,6693,7062,212490.46
2025-06-08,Ashok Nagar,5001,5159,222245.55
2025-06-08,Ekkattuthangal,2694,2563,118814.84
2025-06-08,St Thomas Mount,4357,4754,192495.94
2025-06-09,Washermanpet,5296,4946,115175.69
2025-06-09,Chennai Central,23164,24153,538138.68
2025-06-09,Government Estate,4180,4511,85887.17
2025-06-09,Thousand Lights,8222,8198,175829.14
2025-06-09,Teynampet,7532,7044,230752.71
2025-06-09,Saidapet,9347,9191,312663.44
2025-06-09,Guindy,12996,13353,422219.29
2025-06-09,Alandur,16389,15340,711355.01
2025-06-09,Airport,12187,13184,533124.21
2025-06-09,Egmore,18498,17162,413511.74
2025-06-09,Nehru Park,5743,6025,128779.51
2025-06-09,CMBT,13600,13159,420509.49
2025-06-09,Koyambedu,10823,9827,350187.82
2025-06-09,Arumbakkam,6015,5600,177561.25
2025-06-09,Vadapalani,11375,10850,353963.49
2025-06-09,Ashok Nagar,7344,7414,326556.66
2025-06-09,Ekkattuthangal,5377,5620,231560.07
2025-06-09,St Thomas Mount,7008,6626,311262.99
2025-06-10,Washermanpet,5145,5278,114696.82
2025-06-10,Chennai Central,21324,22399,487584.65
2025-06-10,Government Estate,3537,3811,76332.11
2025-06-10,Thousand Lights,9239,9702,205566.41
2025-06-10,Teynampet,7916,7841,272542.14
2025-06-10,Saidapet,9099,9390,295330.15
2025-06-10,Guindy,14633,15510,499735.56
2025-06-10,Alandur,16307,15334,713270.17
2025-06-10,Airport,12743,13098,542328.93
2025-06-10,Egmore,13780,12456,307406.12
2025-06-10,Nehru Park,6348,6253,129220.86
2025-06-10,CMBT,15483,15542,481588.06
2025-06-10,Koyambedu,10556,10398,354783.3
2025-06-10,Arumbakkam,6150,5979,198193.54
2025-06-10,Vadapalani,10162,10161,339634.33
2025-06-10,Ashok Nagar,6912,7895,291559.32
2025-06-10,Ekkattuthangal,5011,5557,217780.83
2025-06-10,St Thomas Mount,7482,7316,331816.83
2025-06-11,Washermanpet,5684,5699,126690.65
2025-06-11,Chennai Central,26031,25197,571667.81
2025-06-11,Government Estate,3498,3613,71987.89
2025-06-11,Thousand Lights,6585,5964,142948.81
2025-06-11,Teynampet,7821,8258,255440.02
2025-06-11,Saidapet,9717,9847,311205.34
2025-06-11,Guindy,12845,13418,404166.38
2025-06-11,Alandur,19377,20130,835640.39
2025-06-11,Airport,12439,12903,533978.16
2025-06-11,Egmore,14209,13030,298521.19
2025-06-11,Nehru Park,6029,5801,136598.39
2025-06-11,CMBT,16974,15694,539926.39
2025-06-11,Koyambedu,10849,10926,338467.61
2025-06-11,Arumbakkam,6156,5621,194136.99
2025-06-11,Vadapalani,11561,12564,370231.31
2025-06-11,Ashok Nagar,7534,7291,347448.64
2025-06-11,Ekkattuthangal,4833,5205,206799.22
2025-06-11,St Thomas Mount,7005,7075,331556.67
2025-06-12,Washermanpet,5241,4966,116233.39
2025-06-12,Chennai Central,21115,21794,456190.29
2025-06-12,Government Estate,3968,4092,86751.25
2025-06-12,Thousand Lights,8775,8259,203426.76
2025-06-12,Teynampet,8597,8424,276490.21
2025-06-12,Saidapet,9527,9949,318631.51
2025-06-12,Guindy,12907,12727,393972.72
2025-06-12,Alandur,15630,15676,686353.95
2025-06-12,Airport,11345,11230,503897.71
2025-06-12,Egmore,13003,12652,292765.91
2025-06-12,Nehru Park,6365,7151,148964.15
2025-06-12,CMBT,15905,15463,513720.14
2025-06-12,Koyambedu,10103,9632,328182.05
2025-06-12,Arumbakkam,6350,6570,206413.25
2025-06-12,Vadapalani,10863,10056,345720.22
2025-06-12,Ashok Nagar,7726,7113,346619.26
2025-06-12,Ekkattuthangal,4801,4663,216928.98
2025-06-12,St Thomas Mount,6488,6332,290276.21
2025-06-13,Washermanpet,5392,5612,117641.06
2025-06-13,Chennai Central,26693,26457,582512.13
2025-06-13,Government Estate,3553,3505,80586.14
2025-06-13,Thousand Lights,8218,8405,174462.89
2025-06-13,Teynampet,7590,7068,247450.76
2025-06-13,Saidapet,10641,10821,337221.87
2025-06-13,Guindy,14391,13449,453297.08
2025-06-13,Alandur,19579,19344,878072.13
2025-06-13,Airport,9761,10344,433876.22
2025-06-13,Egmore,15715,15813,347453.99
2025-06-13,Nehru Park,5483,5698,127618.34
2025-06-13,CMBT,17853,17348,568978.01
2025-06-13,Koyambedu,11561,11116,378125.08
2025-06-13,Arumbakkam,6125,5710,192276.86
2025-06-13,Vadapalani,9249,9394,304653.27
2025-06-13,Ashok Nagar,7176,7841,340032.43
2025-06-13,Ekkattuthangal,4438,4470,184076.7
2025-06-13,St Thomas Mount,6572,7278,292832.83
2025-06-14,Washermanpet,3627,3534,80957.8
2025-06-14,Chennai Central,15553,14883,345637.78
2025-06-14,Government Estate,2326,2176,51791.05
2025-06-14,Thousand Lights,5553,5577,122190.22
2025-06-14,Teynampet,5121,4924,164907.75
2025-06-14,Saidapet,6172,6426,190599.12
2025-06-14,Guindy,8136,8416,264629.98
2025-06-14,Alandur,12306,12778,580163.64
2025-06-14,Airport,7142,6088,305486.08
2025-06-14,Egmore,9021,9687,199573.36
2025-06-14,Nehru Park,3560,3676,79126.93
2025-06-14,CMBT,11769,11386,377990.48
2025-06-14,Koyambedu,7012,7482,230601.41
2025-06-14,Arumbakkam,3715,3599,124127.51
2025-06-14,Vadapalani,6321,6306,200180.03
2025-06-14,Ashok Nagar,4038,3946,183543.97
2025-06-14,Ekkattuthangal,3262,3252,148973.47
2025-06-14,St Thomas Mount,3800,3752,163338.55
2025-06-15,Washermanpet,3428,3544,74107.02
2025-06-15,Chennai Central,13047,12919,285640.19
2025-06-15,Government Estate,2028,1953,44407.84
2025-06-15,Thousand Lights,5207,5086,113463.98
2025-06-15,Teynampet,5324,5456,167990.36
2025-06-15,Saidapet,6451,5786,206022.28
2025-06-15,Guindy,9370,10202,303252.0
2025-06-15,Alandur,12167,12603,531025.47
2025-06-15,Airport,7840,7382,332986.86
2025-06-15,Egmore,8385,7850,186212.56
2025-06-15,Nehru Park,3798,3643,82951.66
2025-06-15,CMBT,10302,9953,329468.0
2025-06-15,Koyambedu,7689,7648,255633.53
2025-06-15,Arumbakkam,4333,4687,129931.08
2025-06-15,Vadapalani,6255,6476,190584.61
2025-06-15,Ashok Nagar,4354,4708,189862.2
2025-06-15,Ekkattuthangal,2937,2612,122883.19
2025-06-15,St Thomas Mount,3920,3983,162199.57
2025-06-16,Washermanpet,5440,5152,117357.21
2025-06-16,Chennai Central,22740,22434,492320.51
2025-06-16,Government Estate,4064,3923,91515.73
2025-06-16,Thousand Lights,9495,8508,219867.16
2025-06-16,Teynampet,7412,7204,226896.72
2025-06-16,Saidapet,9424,8942,313292.5
2025-06-16,Guindy,14221,13311,436191.93
2025-06-16,Alandur,18723,18402,821651.19
2025-06-16,Airport,10638,11483,466360.35
2025-06-16,Egmore,14951,14365,318675.41
2025-06-16,Nehru Park,6388,6001,138337.58
2025-06-16,CMBT,17808,18265,573776.56
2025-06-16,Koyambedu,12837,12197,415121.77
2025-06-16,Arumbakkam,6166,5974,197077.19
2025-06-16,Vadapalani,10378,10659,336639.15
2025-06-16,Ashok Nagar,7456,7397,327510.57
2025-06-16,Ekkattuthangal,4917,5054,211487.26
2025-06-16,St Thomas Mount,6242,6748,269002.54
2025-06-17,Washermanpet,4839,4723,107677.24
2025-06-17,Chennai Central,23867,23627,532473.25
2025-06-17,Government Estate,3518,3517,78813.79
2025-06-17,Thousand Lights,8886,8699,191541.67
2025-06-17,Teynampet,7550,7394,250702.64
2025-06-17,Saidapet,8924,8431,300768.72
2025-06-17,Guindy,11236,11455,351791.21
2025-06-17,Alandur,16453,14898,688852.38
2025-06-17,Airport,10018,10285,453068.37
2025-06-17,Egmore,16616,16222,359423.18
2025-06-17,Nehru Park,4947,5054,108713.42
2025-06-17,CMBT,18554,17228,595310.53
2025-06-17,Koyambedu,13005,14592,418842.1
2025-06-17,Arumbakkam,7158,7131,228626.67
2025-06-17,Vadapalani,9643,9568,304254.72
2025-06-17,Ashok Nagar,8118,7907,356990.63
2025-06-17,Ekkattuthangal,4646,4633,197381.1
2025-06-17,St Thomas Mount,5905,5813,258518.49
2025-06-18,Washermanpet,5674,5651,130014.14
2025-06-18,Chennai Central,20528,22922,455240.98
2025-06-18,Government Estate,3245,3284,73903.96
2025-06-18,Thousand Lights,9903,10500,218331.31
2025-06-18,Teynampet,8027,7295,256553.74
2025-06-18,Saidapet,9237,9279,284208.19
2025-06-18,Guindy,13770,13057,462167.73
2025-06-18,Alandur,18676,18309,815176.3
2025-06-18,Airport,13333,14015,592396.89
2025-06-18,Egmore,13704,15065,310688.78
2025-06-18,Nehru Park,4726,4431,104113.03
2025-06-18,CMBT,18710,20920,607547.05
2025-06-18,Koyambedu,10325,10798,336333.02
2025-06-18,Arumbakkam,6569,6042,209566.85
2025-06-18,Vadapalani,11208,11656,358495.87
2025-06-18,Ashok Nagar,7055,6842,311149.1
2025-06-18,Ekkattuthangal,5172,4992,236710.07
2025-06-18,St Thomas Mount,7260,6735,316950.39
2025-06-19,Washermanpet,4712,4798,105898.99
2025-06-19,Chennai Central,22717,23153,520044.51
2025-06-19,Government Estate,4083,4145,91047.41
2025-06-19,Thousand Lights,7735,7739,165603.55
2025-06-19,Teynampet,8516,8703,281698.31
2025-06-19,Saidapet,9252,9974,297044.58
2025-06-19,Guindy,12691,13509,406584.06
2025-06-19,Alandur,17790,16890,774505.36
2025-06-19,Airport,13755,13620,590589.97
2025-06-19,Egmore,15983,17215,356999.07
2025-06-19,Nehru Park,5312,5663,115789.09
2025-06-19,CMBT,15812,15796,501863.06
2025-06-19,Koyambedu,9853,8585,319316.71
2025-06-19,Arumbakkam,5395,5434,170248.08
2025-06-19,Vadapalani,10512,10558,352013.66
2025-06-19,Ashok Nagar,7146,7687,310479.42
2025-06-19,Ekkattuthangal,4209,4306,194780.68
2025-06-19,St Thomas Mount,6492,6585,287632.21
2025-06-20,Washermanpet,5645,5096,121546.12
2025-06-20,Chennai Central,23643,24657,528592.96
2025-06-20,Government Estate,3578,3663,81225.01
2025-06-20,Thousand Lights,8460,8954,193061.69
2025-06-20,Teynampet,7407,7165,230219.08
2025-06-20,Saidapet,9330,8630,298117.78
2025-06-20,Guindy,12660,12458,420752.18
2025-06-20,Alandur,18745,18388,804860.29
2025-06-20,Airport,12582,12831,546760.4
2025-06-20,Egmore,13681,14373,312182.96
2025-06-20,Nehru Park,6257,6568,132637.15
2025-06-20,CMBT,18996,19114,599998.43
2025-06-20,Koyambedu,9985,10037,321461.67
2025-06-20,Arumbakkam,6745,6821,208278.57
2025-06-20,Vadapalani,8298,8133,264046.25
2025-06-20,Ashok Nagar,6460,6348,280413.2
2025-06-20,Ekkattuthangal,5478,5654,242241.17
2025-06-20,St Thomas Mount,6485,6962,284911.03
2025-06-21,Washermanpet,3388,3220,72752.3
2025-06-21,Chennai Central,13423,12985,298137.31
2025-06-21,Government Estate,2034,2037,45504.39
2025-06-21,Thousand Lights,4594,4371,97890.85
2025-06-21,Teynampet,4216,4655,136161.34
2025-06-21,Saidapet,5035,5412,161557.23
2025-06-21,Guindy,7483,7440,243277.78
2025-06-21,Alandur,12160,12029,531952.27
2025-06-21,Airport,7771,7490,345528.87
2025-06-21,Egmore,8747,8837,198724.04
2025-06-21,Nehru Park,3957,3907,89965.92
2025-06-21,CMBT,10163,9709,330804.09
2025-06-21,Koyambedu,6590,6618,207117.12
2025-06-21,Arumbakkam,3668,3971,108345.79
2025-06-21,Vadapalani,6781,6055,216659.7
2025-06-21,Ashok Nagar,4576,4714,201564.3
2025-06-21,Ekkattuthangal,2825,2650,125719.65
2025-06-21,St Thomas Mount,4529,4494,203812.02
2025-06-22,Washermanpet,3317,3257,67781.78
2025-06-22,Chennai Central,12305,12367,255091.08
2025-06-22,Government Estate,2575,2471,56506.45
2025-06-22,Thousand Lights,6004,6330,128125.01
2025-06-22,Teynampet,5884,5518,197063.27
2025-06-22,Saidapet,5700,5780,179255.66
2025-06-22,Guindy,8976,9348,278430.04
2025-06-22,Alandur,10655,11184,466925.51
2025-06-22,Airport,6828,6271,306962.25
2025-06-22,Egmore,8476,9791,177732.97
2025-06-22,Nehru Park,3695,3643,82494.45
2025-06-22,CMBT,8983,9652,266765.48
2025-06-22,Koyambedu,7843,7235,263659.23
2025-06-22,Arumbakkam,3150,3028,102643.86
2025-06-22,Vadapalani,6388,6902,200183.74
2025-06-22,Ashok Nagar,4399,4439,195356.37
2025-06-22,Ekkattuthangal,2859,2922,124588.29
2025-06-22,St Thomas Mount,4063,4153,176662.22
2025-06-23,Washermanpet,6240,6092,140900.58
2025-06-23,Chennai Central,25281,25037,562613.5
2025-06-23,Government Estate,3738,3619,81926.84
2025-06-23,Thousand Lights,8065,7833,181147.97
2025-06-23,Teynampet,7726,7857,246419.11
2025-06-23,Saidapet,8658,9469,275917.86
2025-06-23,Guindy,15164,15021,478520.52
2025-06-23,Alandur,16044,15404,706023.11
2025-06-23,Airport,12916,14669,553974.81
2025-06-23,Egmore,15072,14743,324448.96
2025-06-23,Nehru Park,6722,6725,149682.58
2025-06-23,CMBT,15526,15684,492844.95
2025-06-23,Koyambedu,10729,10652,353455.76
2025-06-23,Arumbakkam,6944,7412,210341.34
2025-06-23,Vadapalani,8874,9478,276592.87
2025-06-23,Ashok Nagar,6747,7133,303511.69
2025-06-23,Ekkattuthangal,4812,4485,222375.22
2025-06-23,St Thomas Mount,6790,7405,279127.88
2025-06-24,Washermanpet,5318,5366,115837.75
2025-06-24,Chennai Central,22017,21936,466086.35
2025-06-24,Government Estate,3701,3495,78809.39
2025-06-24,Thousand Lights,6718,6917,148455.9
2025-06-24,Teynampet,8649,8115,290984.1
2025-06-24,Saidapet,9110,8885,295532.23
2025-06-24,Guindy,12841,12953,433233.38
2025-06-24,Alandur,15564,15614,685189.53
2025-06-24,Airport,10417,11620,460865.73
2025-06-24,Egmore,15814,16125,341883.78
2025-06-24,Nehru Park,6309,6207,138052.34
2025-06-24,CMBT,13540,14482,444128.31
2025-06-24,Koyambedu,11815,11489,368299.72
2025-06-24,Arumbakkam,5844,5880,187555.8
2025-06-24,Vadapalani,10606,10342,333993.11
2025-06-24,Ashok Nagar,6407,6881,294510.49
2025-06-24,Ekkattuthangal,5322,5009,235114.4
2025-06-24,St Thomas Mount,6809,6591,296662.34
2025-06-25,Washermanpet,5581,5192,125502.35
2025-06-25,Chennai Central,27186,26668,604080.08
2025-06-25,Government Estate,3224,3414,71592.81
2025-06-25,Thousand Lights,8013,8522,159296.35
2025-06-25,Teynampet,7881,7950,250511.0
2025-06-25,Saidapet,8329,9109,262841.27
2025-06-25,Guindy,15966,14903,500836.48
2025-06-25,Alandur,18685,19816,797069.23
2025-06-25,Airport,13624,13349,588697.4
2025-06-25,Egmore,15715,15608,345800.84
2025-06-25,Nehru Park,5224,5919,119330.08
2025-06-25,CMBT,12572,11866,393892.18
2025-06-25,Koyambedu,11958,11914,393729.0
2025-06-25,Arumbakkam,5288,5110,169768.48
2025-06-25,Vadapalani,10213,10619,323591.75
2025-06-25,Ashok Nagar,6647,6418,281962.97
2025-06-25,Ekkattuthangal,5079,5040,216056.98
2025-06-25,St Thomas Mount,6288,6059,271158.66
2025-06-26,Washermanpet,5303,5163,120174.51
2025-06-26,Chennai Central,19403,20028,397398.14
2025-06-26,Government Estate,3543,3089,79032.34
2025-06-26,Thousand Lights,8453,9463,183890.22
2025-06-26,Teynampet,7297,6657,226741.58
2025-06-26,Saidapet,10567,11619,335744.95
2025-06-26,Guindy,15173,15109,492738.06
2025-06-26,Alandur,18209,19863,795904.16
2025-06-26,Airport,12336,11550,528456.78
2025-06-26,Egmore,13496,12942,292210.79
2025-06-26,Nehru Park,4595,4797,102150.99
2025-06-26,CMBT,19116,18862,614593.02
2025-06-26,Koyambedu,13032,12975,414113.8
2025-06-26,Arumbakkam,5842,5369,190519.28
2025-06-26,Vadapalani,10010,10619,320370.65
2025-06-26,Ashok Nagar,7684,7935,334393.37
2025-06-26,Ekkattuthangal,5440,5398,240281.28
2025-06-26,St Thomas Mount,6033,6443,260843.32
2025-06-27,Washermanpet,5707,5840,123296.43
2025-06-27,Chennai Central,21326,21226,479084.75
2025-06-27,Government Estate,3294,3242,73226.61
2025-06-27,Thousand Lights,9542,9011,203684.66
2025-06-27,Teynampet,7053,6566,232573.58
2025-06-27,Saidapet,8625,8082,269858.55
2025-06-27,Guindy,13002,12820,419193.76
2025-06-27,Alandur,14551,13542,596717.07
2025-06-27,Airport,10473,12073,450499.16
2025-06-27,Egmore,14257,15060,319603.8
2025-06-27,Nehru Park,6071,5619,129571.49
2025-06-27,CMBT,14182,14953,446176.56
2025-06-27,Koyambedu,10523,10941,321119.02
2025-06-27,Arumbakkam,7399,7351,222737.54
2025-06-27,Vadapalani,10684,11344,327798.88
2025-06-27,Ashok Nagar,6697,7065,280762.92
2025-06-27,Ekkattuthangal,4588,4450,196083.79
2025-06-27,St Thomas Mount,7319,7206,331901.38
2025-06-28,Washermanpet,3510,3598,73585.98
2025-06-28,Chennai Central,17477,17802,374744.17
2025-06-28,Government Estate,2375,2334,51656.82
2025-06-28,Thousand Lights,5296,5941,118817.44
2025-06-28,Teynampet,4889,4940,155770.15
2025-06-28,Saidapet,6227,5918,192549.37
2025-06-28,Guindy,8569,8272,263107.34
2025-06-28,Alandur,10960,12306,480827.08
2025-06-28,Airport,7380,7584,349816.93
2025-06-28,Egmore,9231,10024,197808.87
2025-06-28,Nehru Park,3441,3546,76246.64
2025-06-28,CMBT,10885,10576,354603.48
2025-06-28,Koyambedu,7645,7384,247287.45
2025-06-28,Arumbakkam,3039,2893,99698.99
2025-06-28,Vadapalani,5708,6079,183653.33
2025-06-28,Ashok Nagar,4629,4811,206015.39
2025-06-28,Ekkattuthangal,2986,3209,127086.96
2025-06-28,St Thomas Mount,4456,4343,199639.64
2025-06-29,Washermanpet,2890,3064,67315.81
2025-06-29,Chennai Central,15005,15723,311392.8
2025-06-29,Government Estate,2437,2820,52607.45
2025-06-29,Thousand Lights,5343,4976,121037.81
2025-06-29,Teynampet,5580,5505,175779.96
2025-06-29,Saidapet,5336,5288,162845.6
2025-06-29,Guindy,7151,6951,236169.84
2025-06-29,Alandur,10676,10625,463472.86
2025-06-29,Airport,7882,7813,362557.06
2025-06-29,Egmore,9911,9914,218307.81
2025-06-29,Nehru Park,3499,3421,75874.97
2025-06-29,CMBT,10732,10847,358880.99
2025-06-29,Koyambedu,7313,7474,225389.9
2025-06-29,Arumbakkam,4019,3818,130170.76
2025-06-29,Vadapalani,6327,6448,200219.58
2025-06-29,Ashok Nagar,4476,4678,193665.11
2025-06-29,Ekkattuthangal,2499,2478,109810.35
2025-06-29,St Thomas Mount,4025,4219,173319.07
2025-06-30,Washermanpet,4768,4281,101805.25
2025-06-30,Chennai Central,23651,23330,516226.68
2025-06-30,Government Estate,4187,4471,95210.04
2025-06-30,Thousand Lights,7330,6657,154000.94
2025-06-30,Teynampet,8278,8083,270753.72
2025-06-30,Saidapet,8115,8782,256112.61
2025-06-30,Guindy,13175,13220,438485.78
2025-06-30,Alandur,14808,13831,664280.54
2025-06-30,Airport,12761,12462,526227.02
2025-06-30,Egmore,14509,14501,311563.07
2025-06-30,Nehru Park,6441,6206,140998.41
2025-06-30,CMBT,16992,17222,572699.54
2025-06-30,Koyambedu,11060,11910,358122.74
2025-06-30,Arumbakkam,5883,5880,194903.09
2025-06-30,Vadapalani,8804,8938,266952.91
2025-06-30,Ashok Nagar,7325,7593,326183.79
2025-06-30,Ekkattuthangal,4392,4329,202327.43
2025-06-30,St Thomas Mount,5965,5682,268838.98
